user_name,website_url,website_name,visit_date,visit_time,visit_datetime,day_of_week,hour_of_day,month,month_num,week_of_year,time_of_day
Noor,https://www.kaggle.com,Kaggle,,20:28:00,,,,,,0,Night
Noor,https://www.kaggle.com,Kaggle,,19:42:21,,,,,,0,Night
Noor,https://www.twitch.tv,Twitch,,5:03:00,,,,,,0,Night
Shahd,https://www.tiktok.com,TikTok,,13:22:53,,,,,,0,Night
Sara,https://www.wikipedia.org,Wikipedia,,22:10:26,,,,,,0,Night
Leen,https://www.wikipedia.org,Wikipedia,,3:45:00,,,,,,0,Night
Bayan,https://www.w3schools.com,W3Schools,28-10-25,1:03:00,28-10-25 1:03,Tuesday,1,October,10,44,Night
Noor,https://www.twitter.com,Twitter / X,,3:11:00,,,,,,0,Night
Bayan,https://www.canva.com,Canva,24-01-26,4:41:00,24-01-26 4:41,Saturday,4,January,1,4,Night
Sara,https://www.facebook.com,Facebook,,8:07:00,,,,,,0,Night
Shahd,https://www.wikipedia.org,Wikipedia,,6:03:02,,,,,,0,Night
Leen,https://www.facebook.com,Facebook,,21:14:35,,,,,,0,Night
Sara,https://www.twitch.tv,Twitch,,16:18:00,,,,,,0,Night
Bayan,https://www.twitter.com,Twitter / X,,8:48:00,,,,,,0,Night
Leen,https://www.linkedin.com,LinkedIn,,9:24:00,,,,,,0,Night
Shahd,https://www.google.com,Google,,4:54:00,,,,,,0,Night
Leen,https://www.netflix.com,Netflix,,12:50:00,,,,,,0,Night
Shahd,https://www.linkedin.com,LinkedIn,20-11-25,18:39:00,20-11-25 18:39,Thursday,18,November,11,47,Evening
Shahd,https://www.facebook.com,Facebook,24-11-25,13:31:00,24-11-25 13:31,Monday,13,November,11,48,Afternoon
Sara,https://www.w3schools.com,W3Schools,,0:27:00,,,,,,0,Night
Noor,https://www.w3schools.com,W3Schools,,13:44:00,,,,,,0,Night
Noor,,TikTok,,12:57:03,,,,,,0,Night
Noor,https://www.w3schools.com,W3Schools,,13:39:00,,,,,,0,Night
Sara,https://www.canva.com,Canva,,21:43:00,,,,,,0,Night
Noor,https://www.netflix.com,Netflix,,12:42:00,,,,,,0,Night
Leen,https://www.coursera.org,Coursera,,7:22:00,,,,,,0,Night
Bayan,https://www.instagram.com,Instagram,,0:00:00,,,,,,0,Night
Sara,https://www.tiktok.com,TikTok,,6:06:00,,,,,,0,Night
Sara,https://www.w3schools.com,W3Schools,,23:45:00,,,,,,0,Night
Sara,https://www.chatgpt.com,ChatGPT,20-09-25,9:56:47,20-09-25 9:56,Saturday,9,September,9,38,Morning
Sara,https://www.kaggle.com,Kaggle,,21:07:00,,,,,,0,Night
Sara,https://www.coursera.org,Coursera,,16:51:00,,,,,,0,Night
Sara,https://www.w3schools.com,W3Schools,,0:00:00,,,,,,0,Night
Bayan,https://www.netflix.com,Netflix,,13:20:00,,,,,,0,Night
Sara,https://www.amazon.com,Amazon,,6:32:34,,,,,,0,Night
Leen,https://www.netflix.com,Netflix,16-11-25,7:18:00,16-11-25 7:18,Sunday,7,November,11,46,Morning
Leen,https://www.youtube.com,YouTube,,19:34:00,,,,,,0,Night
Sara,https://www.canva.com,Canva,,7:02:00,,,,,,0,Night
Sara,https://www.github.com,GitHub,,5:09:00,,,,,,0,Night
Sara,https://www.facebook.com,Facebook,,17:34:00,,,,,,0,Night
Sara,https://www.canva.com,Canva,,15:35:00,,,,,,0,Night
Sara,https://www.amazon.com,Amazon,,4:58:12,,,,,,0,Night
Bayan,https://www.youtube.com,YouTube,25-09-25,6:43:00,25-09-25 6:43,Thursday,6,September,9,39,Morning
Bayan,https://www.reddit.com,Reddit,13-10-25,0:25:00,13-10-25 0:25,Monday,0,October,10,42,Night
Noor,https://www.spotify.com,Spotify,,4:45:26,,,,,,0,Night
Sara,https://www.spotify.com,Spotify,13-10-25,19:19:39,13-10-25 19:19,Monday,19,October,10,42,Evening
Bayan,https://www.reddit.com,Reddit,,10:10:00,,,,,,0,Night
Leen,https://www.canva.com,Canva,,21:20:13,,,,,,0,Night
Shahd,https://www.kaggle.com,Kaggle,,2:27:00,,,,,,0,Night
Sara,https://www.netflix.com,Netflix,,18:22:48,,,,,,0,Night
Bayan,https://www.instagram.com,Instagram,,0:20:00,,,,,,0,Night
Shahd,https://www.stackoverflow.com,Stack Overflow,,8:14:00,,,,,,0,Night
Sara,https://www.github.com,GitHub,,4:19:24,,,,,,0,Night
Sara,https://www.github.com,GitHub,,6:15:00,,,,,,0,Night
Shahd,,Facebook,,10:18:00,,,,,,0,Night
Noor,https://www.coursera.org,Coursera,,9:22:00,,,,,,0,Night
Leen,https://www.facebook.com,Facebook,,14:37:00,,,,,,0,Night
Shahd,https://www.twitter.com,Twitter / X,,9:04:26,,,,,,0,Night
Leen,https://www.spotify.com,Spotify,,17:08:00,,,,,,0,Night
Noor,https://www.amazon.com,Amazon,,1:16:00,,,,,,0,Night
Noor,https://www.w3schools.com,W3Schools,,17:27:00,,,,,,0,Night
Bayan,https://www.google.com,Google,,20:18:00,,,,,,0,Night
Bayan,https://www.coursera.org,Coursera,,4:31:26,,,,,,0,Night
Shahd,https://www.reddit.com,Reddit,,17:04:14,,,,,,0,Night
Shahd,https://www.youtube.com,YouTube,,12:05:53,,,,,,0,Night
Leen,,TikTok,,0:09:00,,,,,,0,Night
Noor,https://www.netflix.com,Netflix,,3:20:00,,,,,,0,Night
Bayan,https://www.netflix.com,Netflix,16-12-25,19:01:00,16-12-25 19:01,Tuesday,19,December,12,51,Evening
Sara,https://www.netflix.com,Netflix,,0:57:00,,,,,,0,Night
Bayan,https://www.canva.com,Canva,,19:01:39,,,,,,0,Night
Leen,,Netflix,,15:39:52,,,,,,0,Night
Leen,https://www.instagram.com,Instagram,,5:35:00,,,,,,0,Night
Bayan,https://www.kaggle.com,Kaggle,,21:12:00,,,,,,0,Night
Noor,https://www.github.com,GitHub,21-11-25,17:24:00,21-11-25 17:24,Friday,17,November,11,47,Evening
Leen,https://www.google.com,Google,,20:27:00,,,,,,0,Night
Sara,https://www.facebook.com,Facebook,,23:16:00,,,,,,0,Night
Sara,https://www.coursera.org,Coursera,,11:41:00,,,,,,0,Night
Noor,https://www.linkedin.com,LinkedIn,,8:58:00,,,,,,0,Night
Bayan,https://www.twitter.com,Twitter / X,,19:30:00,,,,,,0,Night
Sara,https://www.twitch.tv,Twitch,,20:07:00,,,,,,0,Night
Shahd,https://www.w3schools.com,W3Schools,,2:29:00,,,,,,0,Night
Leen,https://www.chatgpt.com,ChatGPT,,12:40:00,,,,,,0,Night
Leen,https://www.twitch.tv,Twitch,,14:17:00,,,,,,0,Night
Shahd,https://www.linkedin.com,LinkedIn,,15:41:52,,,,,,0,Night
Bayan,https://www.spotify.com,Spotify,,6:46:57,,,,,,0,Night
Shahd,https://www.linkedin.com,LinkedIn,,21:45:35,,,,,,0,Night
Leen,https://www.facebook.com,Facebook,14-09-25,20:47:00,14-09-25 20:47,Sunday,20,September,9,37,Evening
Noor,https://www.youtube.com,YouTube,,1:53:00,,,,,,0,Night
Sara,https://www.chatgpt.com,ChatGPT,,19:00:40,,,,,,0,Night
Noor,https://www.reddit.com,Reddit,,10:06:00,,,,,,0,Night
Leen,https://www.reddit.com,Reddit,,16:48:01,,,,,,0,Night
Bayan,https://www.stackoverflow.com,Stack Overflow,,6:57:00,,,,,,0,Night
Shahd,https://www.tiktok.com,TikTok,,6:17:33,,,,,,0,Night
Noor,https://www.instagram.com,Instagram,,7:51:00,,,,,,0,Night
Sara,https://www.w3schools.com,W3Schools,,12:47:00,,,,,,0,Night
Sara,https://www.instagram.com,Instagram,,20:52:00,,,,,,0,Night
Shahd,https://www.w3schools.com,W3Schools,,6:17:00,,,,,,0,Night
Sara,https://www.twitch.tv,Twitch,,15:44:00,,,,,,0,Night
Shahd,https://www.google.com,Google,24-11-25,16:55:00,24-11-25 16:55,Monday,16,November,11,48,Afternoon
Leen,https://www.youtube.com,YouTube,,13:04:01,,,,,,0,Night
Leen,https://www.w3schools.com,W3Schools,,16:13:00,,,,,,0,Night
Noor,https://www.canva.com,Canva,,20:42:06,,,,,,0,Night
Leen,https://www.spotify.com,Spotify,23-09-25,15:44:00,23-09-25 15:44,Tuesday,15,September,9,39,Afternoon
Shahd,https://www.instagram.com,Instagram,,17:08:00,,,,,,0,Night
Bayan,https://www.linkedin.com,LinkedIn,,9:19:00,,,,,,0,Night
Bayan,https://www.coursera.org,Coursera,23-10-25,3:28:00,23-10-25 3:28,Thursday,3,October,10,43,Night
Sara,https://www.spotify.com,Spotify,,7:10:00,,,,,,0,Night
Shahd,https://www.coursera.org,Coursera,,0:24:01,,,,,,0,Night
Noor,https://www.github.com,GitHub,17-09-25,6:53:00,17-09-25 6:53,Wednesday,6,September,9,38,Morning
Noor,https://www.reddit.com,Reddit,28-10-25,12:36:30,28-10-25 12:36,Tuesday,12,October,10,44,Afternoon
Noor,https://www.instagram.com,Instagram,,10:58:00,,,,,,0,Night
Shahd,https://www.chatgpt.com,ChatGPT,,2:48:00,,,,,,0,Night
Leen,https://www.w3schools.com,W3Schools,,16:49:00,,,,,,0,Night
Shahd,https://www.amazon.com,Amazon,,11:42:00,,,,,,0,Night
Noor,https://www.coursera.org,Coursera,,19:19:59,,,,,,0,Night
Shahd,https://www.netflix.com,Netflix,,18:11:00,,,,,,0,Night
Sara,https://www.linkedin.com,LinkedIn,,16:41:04,,,,,,0,Night
Leen,https://www.twitter.com,Twitter / X,,16:54:00,,,,,,0,Night
Sara,https://www.amazon.com,Amazon,,2:03:00,,,,,,0,Night
Bayan,https://www.instagram.com,Instagram,,8:42:33,,,,,,0,Night
Noor,https://www.instagram.com,Instagram,,2:05:00,,,,,,0,Night
Shahd,https://www.google.com,Google,26-10-25,20:27:00,26-10-25 20:27,Sunday,20,October,10,43,Evening
Sara,https://www.stackoverflow.com,Stack Overflow,16-12-25,1:49:00,16-12-25 1:49,Tuesday,1,December,12,51,Night
Bayan,https://www.coursera.org,Coursera,,21:24:00,,,,,,0,Night
Sara,https://www.spotify.com,Spotify,,23:40:00,,,,,,0,Night
Sara,https://www.w3schools.com,W3Schools,22-10-25,12:13:24,22-10-25 12:13,Wednesday,12,October,10,43,Afternoon
Leen,https://www.amazon.com,Amazon,,14:19:00,,,,,,0,Night
Sara,https://www.wikipedia.org,Wikipedia,,7:19:00,,,,,,0,Night
Leen,https://www.stackoverflow.com,Stack Overflow,,18:35:00,,,,,,0,Night
Sara,https://www.google.com,Google,30-12-25,6:31:00,30-12-25 6:31,Tuesday,6,December,12,1,Morning
Shahd,https://www.kaggle.com,Kaggle,31-12-25,3:54:47,31-12-25 3:54,Wednesday,3,December,12,1,Night
Noor,https://www.twitter.com,Twitter / X,20-01-26,18:44:00,20-01-26 18:44,Tuesday,18,January,1,4,Evening
Shahd,https://www.netflix.com,Netflix,15-09-25,12:53:50,15-09-25 12:53,Monday,12,September,9,38,Afternoon
Noor,https://www.chatgpt.com,ChatGPT,,18:11:00,,,,,,0,Night
Shahd,https://www.facebook.com,Facebook,,18:39:39,,,,,,0,Night
Sara,https://www.github.com,GitHub,,18:32:49,,,,,,0,Night
Bayan,https://www.youtube.com,YouTube,,6:50:00,,,,,,0,Night
Bayan,https://www.stackoverflow.com,Stack Overflow,,23:48:00,,,,,,0,Night
Bayan,https://www.canva.com,Canva,,23:52:00,,,,,,0,Night
Noor,https://www.kaggle.com,Kaggle,,8:14:10,,,,,,0,Night
Noor,https://www.netflix.com,Netflix,,8:07:00,,,,,,0,Night
Shahd,https://www.spotify.com,Spotify,,15:13:00,,,,,,0,Night
Shahd,https://www.amazon.com,Amazon,,1:40:00,,,,,,0,Night
Sara,https://www.tiktok.com,TikTok,,0:00:00,,,,,,0,Night
Shahd,https://www.coursera.org,Coursera,28-09-25,14:34:00,28-09-25 14:34,Sunday,14,September,9,39,Afternoon
Shahd,https://www.canva.com,Canva,,7:15:00,,,,,,0,Night
Sara,https://www.google.com,Google,29-12-25,21:34:10,29-12-25 21:34,Monday,21,December,12,1,Night
Sara,https://www.wikipedia.org,Wikipedia,,22:49:00,,,,,,0,Night
Leen,https://www.instagram.com,Instagram,,23:22:07,,,,,,0,Night
Bayan,https://www.youtube.com,YouTube,,20:49:00,,,,,,0,Night
Noor,https://www.twitch.tv,Twitch,,7:12:47,,,,,,0,Night
Leen,https://www.instagram.com,Instagram,,8:09:00,,,,,,0,Night
Sara,https://www.google.com,Google,,4:38:35,,,,,,0,Night
Leen,https://www.twitter.com,Twitter / X,,20:16:00,,,,,,0,Night
Noor,https://www.github.com,GitHub,,0:00:00,,,,,,0,Night
Noor,https://www.chatgpt.com,ChatGPT,,0:00:00,,,,,,0,Night
Sara,https://www.netflix.com,Netflix,,0:00:00,,,,,,0,Night
Shahd,https://www.amazon.com,Amazon,,15:39:00,,,,,,0,Night
Leen,https://www.netflix.com,Netflix,,20:34:20,,,,,,0,Night
Shahd,https://www.stackoverflow.com,Stack Overflow,,7:39:00,,,,,,0,Night
Noor,https://www.wikipedia.org,Wikipedia,,16:11:10,,,,,,0,Night
Noor,https://www.wikipedia.org,Wikipedia,,4:27:00,,,,,,0,Night
Shahd,https://www.coursera.org,Coursera,,0:38:00,,,,,,0,Night
Bayan,,Kaggle,24-10-25,13:41:00,24-10-25 13:41,Friday,13,October,10,43,Afternoon
Leen,https://www.twitter.com,Twitter / X,,6:49:00,,,,,,0,Night
Sara,https://www.coursera.org,Coursera,,15:40:06,,,,,,0,Night
Shahd,https://www.coursera.org,Coursera,,4:27:00,,,,,,0,Night
Shahd,https://www.canva.com,Canva,,23:18:17,,,,,,0,Night
Bayan,https://www.twitter.com,Twitter / X,,19:50:15,,,,,,0,Night
Shahd,https://www.canva.com,Canva,,20:37:00,,,,,,0,Night
Noor,https://www.youtube.com,YouTube,,19:15:54,,,,,,0,Night
Leen,https://www.netflix.com,Netflix,,21:45:00,,,,,,0,Night
Shahd,https://www.w3schools.com,W3Schools,,21:03:00,,,,,,0,Night
Bayan,https://www.spotify.com,Spotify,,16:09:00,,,,,,0,Night
Bayan,https://www.wikipedia.org,Wikipedia,,0:00:00,,,,,,0,Night
Sara,https://www.github.com,GitHub,15-01-26,5:12:00,15-01-26 5:12,Thursday,5,January,1,3,Morning
Sara,https://www.github.com,GitHub,,3:32:53,,,,,,0,Night
Shahd,https://www.kaggle.com,Kaggle,,16:14:56,,,,,,0,Night
Shahd,https://www.facebook.com,Facebook,,14:00:00,,,,,,0,Night
Sara,https://www.facebook.com,Facebook,,0:26:04,,,,,,0,Night
Bayan,https://www.chatgpt.com,ChatGPT,,4:20:00,,,,,,0,Night
Shahd,https://www.twitter.com,Twitter / X,,2:24:00,,,,,,0,Night
Leen,https://www.wikipedia.org,Wikipedia,,0:06:27,,,,,,0,Night
Sara,https://www.coursera.org,Coursera,,17:43:00,,,,,,0,Night
Sara,https://www.twitch.tv,Twitch,,3:27:00,,,,,,0,Night
Leen,https://www.github.com,GitHub,,2:51:58,,,,,,0,Night
Shahd,https://www.twitch.tv,Twitch,,0:00:00,,,,,,0,Night
Noor,https://www.twitch.tv,Twitch,,3:45:00,,,,,,0,Night
Sara,https://www.stackoverflow.com,Stack Overflow,,6:54:00,,,,,,0,Night
Shahd,https://www.github.com,GitHub,,0:00:00,,,,,,0,Night
Bayan,https://www.github.com,GitHub,,6:12:16,,,,,,0,Night
Sara,https://www.facebook.com,Facebook,,8:16:00,,,,,,0,Night
Bayan,https://www.github.com,GitHub,,7:42:00,,,,,,0,Night
Bayan,https://www.tiktok.com,TikTok,,6:58:18,,,,,,0,Night
Sara,https://www.coursera.org,Coursera,27-10-25,13:22:00,27-10-25 13:22,Monday,13,October,10,44,Afternoon
Leen,https://www.youtube.com,YouTube,,2:26:00,,,,,,0,Night
Leen,https://www.google.com,Google,14-11-25,2:18:00,14-11-25 2:18,Friday,2,November,11,46,Night
Noor,https://www.linkedin.com,LinkedIn,,0:00:00,,,,,,0,Night
Bayan,https://www.chatgpt.com,ChatGPT,22-12-25,18:00:00,22-12-25 18:00,Monday,18,December,12,52,Evening
Leen,https://www.coursera.org,Coursera,21-12-25,19:47:00,21-12-25 19:47,Sunday,19,December,12,51,Evening
Shahd,https://www.canva.com,Canva,,13:48:00,,,,,,0,Night
Shahd,https://www.facebook.com,Facebook,,13:15:00,,,,,,0,Night
Bayan,https://www.netflix.com,Netflix,13-10-25,20:56:47,13-10-25 20:56,Monday,20,October,10,42,Evening
Bayan,https://www.reddit.com,Reddit,,20:13:00,,,,,,0,Night
Sara,https://www.instagram.com,Instagram,,2:00:00,,,,,,0,Night
Bayan,https://www.twitch.tv,Twitch,,16:07:23,,,,,,0,Night
Leen,https://www.canva.com,Canva,30-01-26,15:36:00,30-01-26 15:36,Friday,15,January,1,5,Afternoon
Noor,https://www.stackoverflow.com,Stack Overflow,,5:03:00,,,,,,0,Night
Bayan,https://www.twitter.com,Twitter / X,,16:51:18,,,,,,0,Night
Noor,https://www.twitch.tv,Twitch,,8:36:00,,,,,,0,Night
Shahd,https://www.wikipedia.org,Wikipedia,,12:58:00,,,,,,0,Night
Shahd,https://www.chatgpt.com,ChatGPT,,21:52:00,,,,,,0,Night
Sara,https://www.youtube.com,YouTube,,16:55:00,,,,,,0,Night
Noor,https://www.amazon.com,Amazon,,18:55:00,,,,,,0,Night
Leen,https://www.instagram.com,Instagram,,5:56:00,,,,,,0,Night
Shahd,https://www.twitch.tv,Twitch,19-12-25,10:35:17,19-12-25 10:35,Friday,10,December,12,51,Morning
Noor,https://www.spotify.com,Spotify,,15:25:00,,,,,,0,Night
Shahd,https://www.reddit.com,Reddit,,19:31:54,,,,,,0,Night
Bayan,https://www.w3schools.com,W3Schools,,0:00:00,,,,,,0,Night
Leen,https://www.linkedin.com,LinkedIn,,13:50:16,,,,,,0,Night
Noor,https://www.linkedin.com,LinkedIn,,8:06:00,,,,,,0,Night
Leen,https://www.youtube.com,YouTube,18-09-25,17:36:00,18-09-25 17:36,Thursday,17,September,9,38,Evening
Sara,https://www.twitter.com,Twitter / X,25-09-25,10:23:00,25-09-25 10:23,Thursday,10,September,9,39,Morning
Noor,https://www.twitch.tv,Twitch,,0:20:00,,,,,,0,Night
Shahd,https://www.netflix.com,Netflix,,14:18:00,,,,,,0,Night
Noor,https://www.spotify.com,Spotify,,8:54:00,,,,,,0,Night
Sara,https://www.github.com,GitHub,,19:36:55,,,,,,0,Night
Noor,https://www.youtube.com,YouTube,,23:52:00,,,,,,0,Night
Shahd,https://www.wikipedia.org,Wikipedia,,21:33:00,,,,,,0,Night
Leen,https://www.github.com,GitHub,,23:27:00,,,,,,0,Night
Noor,https://www.kaggle.com,Kaggle,18-01-26,13:41:36,18-01-26 13:41,Sunday,13,January,1,3,Afternoon
Shahd,https://www.linkedin.com,LinkedIn,,1:25:00,,,,,,0,Night
Noor,https://www.netflix.com,Netflix,,20:43:00,,,,,,0,Night
Bayan,https://www.reddit.com,Reddit,,12:37:00,,,,,,0,Night
Shahd,https://www.spotify.com,Spotify,,16:29:00,,,,,,0,Night
Shahd,https://www.facebook.com,Facebook,,15:40:00,,,,,,0,Night
Sara,https://www.twitter.com,Twitter / X,,7:27:00,,,,,,0,Night
Bayan,https://www.canva.com,Canva,18-11-25,10:34:24,18-11-25 10:34,Tuesday,10,November,11,47,Morning
Noor,https://www.wikipedia.org,Wikipedia,14-11-25,11:35:00,14-11-25 11:35,Friday,11,November,11,46,Morning
Shahd,https://www.wikipedia.org,Wikipedia,,5:48:00,,,,,,0,Night
Bayan,https://www.canva.com,Canva,,6:19:00,,,,,,0,Night
Noor,https://www.tiktok.com,TikTok,,21:00:00,,,,,,0,Night
Shahd,https://www.stackoverflow.com,Stack Overflow,23-11-25,14:04:05,23-11-25 14:04,Sunday,14,November,11,47,Afternoon
Sara,https://www.reddit.com,Reddit,17-01-26,10:34:00,17-01-26 10:34,Saturday,10,January,1,3,Morning
Sara,https://www.google.com,Google,,5:05:36,,,,,,0,Night
Leen,https://www.tiktok.com,TikTok,,14:17:38,,,,,,0,Night
Shahd,https://www.netflix.com,Netflix,,2:02:00,,,,,,0,Night
Sara,https://www.twitter.com,Twitter / X,,3:27:00,,,,,,0,Night
Sara,https://www.netflix.com,Netflix,,12:30:00,,,,,,0,Night
Bayan,https://www.facebook.com,Facebook,,19:47:57,,,,,,0,Night
Bayan,https://www.stackoverflow.com,Stack Overflow,,22:13:00,,,,,,0,Night
Noor,https://www.youtube.com,YouTube,,16:34:00,,,,,,0,Night
Sara,https://www.stackoverflow.com,Stack Overflow,,19:36:00,,,,,,0,Night
Shahd,https://www.instagram.com,Instagram,,10:32:00,,,,,,0,Night
Noor,https://www.wikipedia.org,Wikipedia,,2:49:59,,,,,,0,Night
Sara,https://www.amazon.com,Amazon,,1:42:00,,,,,,0,Night
Noor,https://www.kaggle.com,Kaggle,,7:49:00,,,,,,0,Night
Bayan,https://www.coursera.org,Coursera,23-12-25,0:00:00,23-12-25 0:00,Tuesday,0,December,12,52,Night
Shahd,https://www.facebook.com,Facebook,,10:04:21,,,,,,0,Night
Bayan,https://www.wikipedia.org,Wikipedia,,3:42:00,,,,,,0,Night
Leen,https://www.facebook.com,Facebook,,4:53:04,,,,,,0,Night
Noor,,W3Schools,24-01-26,19:20:39,24-01-26 19:20,Saturday,19,January,1,4,Evening
Sara,https://www.wikipedia.org,Wikipedia,,19:17:29,,,,,,0,Night
Sara,https://www.wikipedia.org,Wikipedia,,7:23:42,,,,,,0,Night
Sara,https://www.youtube.com,YouTube,,10:43:47,,,,,,0,Night
Noor,https://www.kaggle.com,Kaggle,26-01-26,0:00:00,26-01-26 0:00,Monday,0,January,1,5,Night
Bayan,https://www.amazon.com,Amazon,,23:06:00,,,,,,0,Night
Bayan,https://www.stackoverflow.com,Stack Overflow,,8:49:00,,,,,,0,Night
Bayan,https://www.chatgpt.com,ChatGPT,,5:02:50,,,,,,0,Night
Leen,https://www.stackoverflow.com,Stack Overflow,16-12-25,19:33:00,16-12-25 19:33,Tuesday,19,December,12,51,Evening
Shahd,https://www.chatgpt.com,ChatGPT,,6:55:00,,,,,,0,Night
Bayan,https://www.netflix.com,Netflix,,1:44:46,,,,,,0,Night
Bayan,https://www.google.com,Google,,5:56:00,,,,,,0,Night
Sara,https://www.facebook.com,Facebook,,7:49:25,,,,,,0,Night
Noor,https://www.tiktok.com,TikTok,,0:00:00,,,,,,0,Night
Noor,https://www.wikipedia.org,Wikipedia,,1:03:00,,,,,,0,Night
Noor,https://www.stackoverflow.com,Stack Overflow,,2:01:00,,,,,,0,Night
Sara,https://www.canva.com,Canva,,4:42:00,,,,,,0,Night
Leen,https://www.canva.com,Canva,,15:36:41,,,,,,0,Night
Noor,https://www.linkedin.com,LinkedIn,,2:28:00,,,,,,0,Night
Shahd,https://www.coursera.org,Coursera,,12:08:04,,,,,,0,Night
Leen,https://www.canva.com,Canva,,16:06:08,,,,,,0,Night
Noor,https://www.tiktok.com,TikTok,14-10-25,14:25:35,14-10-25 14:25,Tuesday,14,October,10,42,Afternoon
Noor,https://www.linkedin.com,LinkedIn,20-10-25,19:47:55,20-10-25 19:47,Monday,19,October,10,43,Evening
Bayan,https://www.chatgpt.com,ChatGPT,,18:00:00,,,,,,0,Night
Bayan,https://www.spotify.com,Spotify,17-12-25,22:27:00,17-12-25 22:27,Wednesday,22,December,12,51,Night
Shahd,https://www.chatgpt.com,ChatGPT,,4:23:00,,,,,,0,Night
Sara,https://www.chatgpt.com,ChatGPT,,0:12:00,,,,,,0,Night
Sara,https://www.spotify.com,Spotify,,1:22:00,,,,,,0,Night
Shahd,https://www.chatgpt.com,ChatGPT,,13:46:00,,,,,,0,Night
Leen,https://www.youtube.com,YouTube,,20:02:00,,,,,,0,Night
Noor,https://www.instagram.com,Instagram,18-09-25,12:12:00,18-09-25 12:12,Thursday,12,September,9,38,Afternoon
Noor,https://www.canva.com,Canva,19-01-26,4:44:08,19-01-26 4:44,Monday,4,January,1,4,Night
Leen,https://www.stackoverflow.com,Stack Overflow,,3:30:47,,,,,,0,Night
Bayan,https://www.kaggle.com,Kaggle,,14:38:33,,,,,,0,Night
Shahd,https://www.youtube.com,YouTube,,9:13:00,,,,,,0,Night
Shahd,https://www.spotify.com,Spotify,,0:00:00,,,,,,0,Night
Bayan,https://www.github.com,GitHub,,8:44:00,,,,,,0,Night
Bayan,https://www.canva.com,Canva,,13:42:00,,,,,,0,Night
Sara,https://www.facebook.com,Facebook,,22:20:00,,,,,,0,Night
Bayan,https://www.twitch.tv,Twitch,,11:43:00,,,,,,0,Night
Leen,https://www.wikipedia.org,Wikipedia,,5:31:00,,,,,,0,Night
Noor,https://www.wikipedia.org,Wikipedia,,17:11:00,,,,,,0,Night
Bayan,https://www.tiktok.com,TikTok,,0:00:00,,,,,,0,Night
Bayan,https://www.twitch.tv,Twitch,,4:32:20,,,,,,0,Night
Noor,https://www.w3schools.com,W3Schools,,12:21:00,,,,,,0,Night
Noor,https://www.youtube.com,YouTube,,1:15:00,,,,,,0,Night
Sara,https://www.amazon.com,Amazon,,19:49:00,,,,,,0,Night
Bayan,https://www.coursera.org,Coursera,13-01-26,9:16:22,13-01-26 9:16,Tuesday,9,January,1,3,Morning
Bayan,https://www.reddit.com,Reddit,22-01-26,5:31:00,22-01-26 5:31,Thursday,5,January,1,4,Morning
Noor,https://www.twitch.tv,Twitch,,4:10:00,,,,,,0,Night
Sara,https://www.linkedin.com,LinkedIn,,6:17:00,,,,,,0,Night
Noor,https://www.amazon.com,Amazon,,12:20:00,,,,,,0,Night
Noor,https://www.instagram.com,Instagram,,17:45:00,,,,,,0,Night
Leen,https://www.chatgpt.com,ChatGPT,,8:07:00,,,,,,0,Night
Shahd,https://www.youtube.com,YouTube,,23:00:00,,,,,,0,Night
Sara,https://www.stackoverflow.com,Stack Overflow,15-11-25,9:59:00,15-11-25 9:59,Saturday,9,November,11,46,Morning
Leen,https://www.w3schools.com,W3Schools,,23:50:00,,,,,,0,Night
Noor,https://www.canva.com,Canva,,4:50:54,,,,,,0,Night
Leen,https://www.amazon.com,Amazon,,5:57:03,,,,,,0,Night
Shahd,https://www.w3schools.com,W3Schools,,1:53:00,,,,,,0,Night
Noor,https://www.netflix.com,Netflix,,3:29:06,,,,,,0,Night
Shahd,https://www.google.com,Google,,1:09:00,,,,,,0,Night
Leen,https://www.facebook.com,Facebook,,19:26:05,,,,,,0,Night
Bayan,https://www.reddit.com,Reddit,,6:01:00,,,,,,0,Night
Shahd,https://www.stackoverflow.com,Stack Overflow,,19:50:35,,,,,,0,Night
Shahd,https://www.twitch.tv,Twitch,,7:37:48,,,,,,0,Night
Noor,https://www.twitter.com,Twitter / X,,7:35:00,,,,,,0,Night
Shahd,https://www.chatgpt.com,ChatGPT,,18:37:00,,,,,,0,Night
Sara,https://www.amazon.com,Amazon,,13:28:00,,,,,,0,Night
Leen,https://www.facebook.com,Facebook,,12:10:00,,,,,,0,Night
Shahd,https://www.facebook.com,Facebook,,21:48:04,,,,,,0,Night
Shahd,https://www.github.com,GitHub,,3:21:27,,,,,,0,Night
Noor,https://www.coursera.org,Coursera,24-11-25,6:09:00,24-11-25 6:09,Monday,6,November,11,48,Morning
Leen,https://www.instagram.com,Instagram,,0:00:00,,,,,,0,Night
Leen,https://www.amazon.com,Amazon,,1:31:00,,,,,,0,Night
Bayan,https://www.w3schools.com,W3Schools,,23:54:00,,,,,,0,Night
Leen,https://www.instagram.com,Instagram,,0:28:00,,,,,,0,Night
Shahd,https://www.google.com,Google,,17:56:00,,,,,,0,Night
Bayan,https://www.stackoverflow.com,Stack Overflow,,13:33:03,,,,,,0,Night
Leen,https://www.wikipedia.org,Wikipedia,24-01-26,2:44:51,24-01-26 2:44,Saturday,2,January,1,4,Night
Shahd,https://www.reddit.com,Reddit,,3:30:00,,,,,,0,Night
Noor,https://www.twitter.com,Twitter / X,,5:29:12,,,,,,0,Night
Sara,https://www.facebook.com,Facebook,,1:19:00,,,,,,0,Night
Bayan,https://www.stackoverflow.com,Stack Overflow,29-09-25,6:11:00,29-09-25 6:11,Monday,6,September,9,40,Morning
Leen,https://www.w3schools.com,W3Schools,,17:12:00,,,,,,0,Night
Bayan,https://www.coursera.org,Coursera,,12:37:00,,,,,,0,Night
Bayan,https://www.twitter.com,Twitter / X,,9:09:00,,,,,,0,Night
Noor,https://www.coursera.org,Coursera,,3:41:00,,,,,,0,Night
Bayan,https://www.canva.com,Canva,,21:11:04,,,,,,0,Night
Noor,https://www.youtube.com,YouTube,,23:30:00,,,,,,0,Night
Sara,https://www.kaggle.com,Kaggle,,7:54:00,,,,,,0,Night
Leen,https://www.google.com,Google,,22:06:34,,,,,,0,Night
Sara,https://www.chatgpt.com,ChatGPT,,8:00:00,,,,,,0,Night
Shahd,https://www.stackoverflow.com,Stack Overflow,,12:52:25,,,,,,0,Night
Shahd,https://www.spotify.com,Spotify,,7:11:00,,,,,,0,Night
Noor,https://www.amazon.com,Amazon,,5:56:00,,,,,,0,Night
Noor,https://www.tiktok.com,TikTok,,12:21:40,,,,,,0,Night
Noor,https://www.amazon.com,Amazon,,5:43:00,,,,,,0,Night
Bayan,https://www.chatgpt.com,ChatGPT,,10:45:00,,,,,,0,Night
Bayan,https://www.youtube.com,YouTube,,0:53:17,,,,,,0,Night
Leen,https://www.canva.com,Canva,14-01-26,7:57:05,14-01-26 7:57,Wednesday,7,January,1,3,Morning
Sara,https://www.chatgpt.com,ChatGPT,,1:01:23,,,,,,0,Night
Shahd,https://www.instagram.com,Instagram,,19:13:00,,,,,,0,Night
Noor,https://www.wikipedia.org,Wikipedia,,4:27:00,,,,,,0,Night
Sara,https://www.tiktok.com,TikTok,,21:33:00,,,,,,0,Night
Leen,https://www.reddit.com,Reddit,15-10-25,12:11:04,15-10-25 12:11,Wednesday,12,October,10,42,Afternoon
Shahd,https://www.canva.com,Canva,,1:02:00,,,,,,0,Night
Sara,https://www.coursera.org,Coursera,,5:52:37,,,,,,0,Night
Bayan,https://www.stackoverflow.com,Stack Overflow,,13:21:40,,,,,,0,Night
Sara,https://www.netflix.com,Netflix,,23:41:21,,,,,,0,Night
Noor,https://www.instagram.com,Instagram,,19:12:00,,,,,,0,Night
Shahd,https://www.youtube.com,YouTube,,8:30:00,,,,,,0,Night
Noor,https://www.youtube.com,YouTube,,7:00:45,,,,,,0,Night
Sara,https://www.amazon.com,Amazon,,22:32:01,,,,,,0,Night
Bayan,https://www.github.com,GitHub,25-11-25,8:28:00,25-11-25 8:28,Tuesday,8,November,11,48,Morning
Leen,https://www.netflix.com,Netflix,,22:23:00,,,,,,0,Night
Shahd,https://www.instagram.com,Instagram,,13:11:01,,,,,,0,Night
Leen,https://www.reddit.com,Reddit,,23:36:00,,,,,,0,Night
Leen,https://www.chatgpt.com,ChatGPT,,21:54:32,,,,,,0,Night
Noor,https://www.w3schools.com,W3Schools,,3:41:32,,,,,,0,Night
Bayan,https://www.stackoverflow.com,Stack Overflow,,4:44:00,,,,,,0,Night
Noor,https://www.spotify.com,Spotify,,22:09:38,,,,,,0,Night
Sara,https://www.twitch.tv,Twitch,13-10-25,19:47:00,13-10-25 19:47,Monday,19,October,10,42,Evening
Bayan,https://www.twitch.tv,Twitch,,9:56:00,,,,,,0,Night
Sara,https://www.linkedin.com,LinkedIn,,7:24:00,,,,,,0,Night
Noor,https://www.google.com,Google,,3:44:00,,,,,,0,Night
Noor,https://www.amazon.com,Amazon,,21:34:10,,,,,,0,Night
Shahd,https://www.netflix.com,Netflix,,1:16:00,,,,,,0,Night
Shahd,https://www.canva.com,Canva,,11:58:00,,,,,,0,Night
Shahd,https://www.instagram.com,Instagram,,2:43:00,,,,,,0,Night
Bayan,https://www.kaggle.com,Kaggle,27-12-25,10:09:39,27-12-25 10:09,Saturday,10,December,12,52,Morning
Leen,https://www.linkedin.com,LinkedIn,23-12-25,19:02:08,23-12-25 19:02,Tuesday,19,December,12,52,Evening
Noor,https://www.tiktok.com,TikTok,,19:01:00,,,,,,0,Night
Leen,https://www.kaggle.com,Kaggle,,6:41:00,,,,,,0,Night
Leen,https://www.canva.com,Canva,,17:23:00,,,,,,0,Night
Noor,https://www.canva.com,Canva,,6:34:16,,,,,,0,Night
Leen,https://www.github.com,GitHub,,18:41:00,,,,,,0,Night
Sara,https://www.youtube.com,YouTube,14-11-25,6:34:00,14-11-25 6:34,Friday,6,November,11,46,Morning
Bayan,https://www.kaggle.com,Kaggle,,10:39:00,,,,,,0,Night
Leen,https://www.twitter.com,Twitter / X,,15:35:00,,,,,,0,Night
Bayan,https://www.chatgpt.com,ChatGPT,,5:59:00,,,,,,0,Night
Bayan,https://www.github.com,GitHub,,16:00:00,,,,,,0,Night
Shahd,https://www.twitter.com,Twitter / X,,5:56:00,,,,,,0,Night
Shahd,https://www.youtube.com,YouTube,,7:38:00,,,,,,0,Night
Noor,https://www.kaggle.com,Kaggle,,0:00:00,,,,,,0,Night
Noor,https://www.google.com,Google,,18:15:55,,,,,,0,Night
Shahd,https://www.w3schools.com,W3Schools,,5:28:10,,,,,,0,Night
Shahd,https://www.coursera.org,Coursera,,16:42:00,,,,,,0,Night
Sara,https://www.google.com,Google,,11:49:00,,,,,,0,Night
Shahd,https://www.kaggle.com,Kaggle,,17:28:49,,,,,,0,Night
Leen,https://www.stackoverflow.com,Stack Overflow,24-10-25,18:22:38,24-10-25 18:22,Friday,18,October,10,43,Evening
Sara,https://www.canva.com,Canva,,12:40:00,,,,,,0,Night
Bayan,https://www.instagram.com,Instagram,,15:24:00,,,,,,0,Night
Noor,https://www.youtube.com,YouTube,,4:28:00,,,,,,0,Night
Noor,https://www.github.com,GitHub,,16:03:56,,,,,,0,Night
Sara,https://www.reddit.com,Reddit,,0:00:00,,,,,,0,Night
Sara,https://www.spotify.com,Spotify,,7:41:00,,,,,,0,Night
Sara,https://www.instagram.com,Instagram,,16:42:00,,,,,,0,Night
Leen,https://www.reddit.com,Reddit,,17:18:19,,,,,,0,Night
Noor,https://www.instagram.com,Instagram,,7:56:00,,,,,,0,Night
Sara,https://www.stackoverflow.com,Stack Overflow,,20:41:00,,,,,,0,Night
Bayan,https://www.twitch.tv,Twitch,,17:16:00,,,,,,0,Night
Sara,https://www.facebook.com,Facebook,,21:05:36,,,,,,0,Night
Shahd,https://www.spotify.com,Spotify,,23:24:16,,,,,,0,Night
Noor,https://www.kaggle.com,Kaggle,,13:45:00,,,,,,0,Night
Shahd,https://www.instagram.com,Instagram,,11:27:00,,,,,,0,Night
Shahd,https://www.tiktok.com,TikTok,,9:09:00,,,,,,0,Night
Bayan,https://www.linkedin.com,LinkedIn,,18:10:00,,,,,,0,Night
Leen,https://www.chatgpt.com,ChatGPT,,20:49:00,,,,,,0,Night
Sara,https://www.instagram.com,Instagram,,20:25:00,,,,,,0,Night
Leen,https://www.spotify.com,Spotify,,17:55:00,,,,,,0,Night
Leen,https://www.netflix.com,Netflix,,8:17:38,,,,,,0,Night
Shahd,https://www.stackoverflow.com,Stack Overflow,,12:49:00,,,,,,0,Night
Sara,https://www.wikipedia.org,Wikipedia,,8:11:00,,,,,,0,Night
Bayan,https://www.github.com,GitHub,,20:09:44,,,,,,0,Night
Noor,https://www.canva.com,Canva,26-09-25,21:24:00,26-09-25 21:24,Friday,21,September,9,39,Night
Bayan,https://www.reddit.com,Reddit,14-12-25,13:57:18,14-12-25 13:57,Sunday,13,December,12,50,Afternoon
Noor,https://www.coursera.org,Coursera,,8:01:50,,,,,,0,Night
Leen,https://www.facebook.com,Facebook,,6:54:21,,,,,,0,Night
Sara,https://www.netflix.com,Netflix,,0:50:09,,,,,,0,Night
Sara,https://www.tiktok.com,TikTok,,6:58:23,,,,,,0,Night
Bayan,https://www.amazon.com,Amazon,,6:12:00,,,,,,0,Night
Leen,https://www.twitter.com,Twitter / X,,17:28:00,,,,,,0,Night
Shahd,https://www.google.com,Google,,18:48:00,,,,,,0,Night
Sara,https://www.linkedin.com,LinkedIn,,8:10:26,,,,,,0,Night
Bayan,https://www.kaggle.com,Kaggle,,10:22:00,,,,,,0,Night
Bayan,https://www.instagram.com,Instagram,,5:51:49,,,,,,0,Night
Sara,https://www.instagram.com,Instagram,,10:23:00,,,,,,0,Night
Bayan,https://www.github.com,GitHub,,0:00:00,,,,,,0,Night
Shahd,https://www.twitter.com,Twitter / X,27-01-26,19:08:00,27-01-26 19:08,Tuesday,19,January,1,5,Evening
Bayan,https://www.twitter.com,Twitter / X,31-12-25,20:10:00,31-12-25 20:10,Wednesday,20,December,12,1,Evening
Noor,https://www.stackoverflow.com,Stack Overflow,,1:16:00,,,,,,0,Night
Leen,https://www.tiktok.com,TikTok,,20:26:00,,,,,,0,Night
Shahd,https://www.coursera.org,Coursera,,0:09:00,,,,,,0,Night
Noor,https://www.twitter.com,Twitter / X,,23:06:00,,,,,,0,Night
Noor,https://www.wikipedia.org,Wikipedia,,9:20:00,,,,,,0,Night
Noor,https://www.twitter.com,Twitter / X,,0:57:00,,,,,,0,Night
Sara,https://www.instagram.com,Instagram,30-10-25,3:57:49,30-10-25 3:57,Thursday,3,October,10,44,Night
Sara,https://www.stackoverflow.com,Stack Overflow,,19:02:00,,,,,,0,Night
Sara,https://www.kaggle.com,Kaggle,,4:30:00,,,,,,0,Night
Sara,https://www.twitter.com,Twitter / X,,23:48:00,,,,,,0,Night
Noor,,LinkedIn,,2:55:00,,,,,,0,Night
Shahd,https://www.spotify.com,Spotify,,21:09:00,,,,,,0,Night
Leen,https://www.canva.com,Canva,16-10-25,10:31:00,16-10-25 10:31,Thursday,10,October,10,42,Morning
Shahd,https://www.tiktok.com,TikTok,,9:05:00,,,,,,0,Night
Bayan,https://www.twitter.com,Twitter / X,,23:38:58,,,,,,0,Night
Noor,https://www.google.com,Google,,22:28:00,,,,,,0,Night
Noor,https://www.linkedin.com,LinkedIn,,4:59:00,,,,,,0,Night
Sara,https://www.wikipedia.org,Wikipedia,,10:29:00,,,,,,0,Night
Noor,https://www.twitch.tv,Twitch,,0:00:00,,,,,,0,Night
Bayan,https://www.amazon.com,Amazon,,2:37:00,,,,,,0,Night
Sara,https://www.twitch.tv,Twitch,13-01-26,17:55:00,13-01-26 17:55,Tuesday,17,January,1,3,Evening
Noor,,Facebook,,10:36:00,,,,,,0,Night
Noor,https://www.coursera.org,Coursera,29-12-25,13:08:50,29-12-25 13:08,Monday,13,December,12,1,Afternoon
Bayan,https://www.github.com,GitHub,,3:37:44,,,,,,0,Night
Sara,https://www.kaggle.com,Kaggle,,7:35:00,,,,,,0,Night
Noor,https://www.kaggle.com,Kaggle,,22:04:40,,,,,,0,Night
Shahd,https://www.twitter.com,Twitter / X,15-10-25,6:21:00,15-10-25 6:21,Wednesday,6,October,10,42,Morning
Leen,https://www.google.com,Google,,19:11:00,,,,,,0,Night
Sara,https://www.canva.com,Canva,,12:53:00,,,,,,0,Night
Leen,https://www.facebook.com,Facebook,,0:00:00,,,,,,0,Night
Leen,https://www.twitter.com,Twitter / X,,6:58:45,,,,,,0,Night
Leen,https://www.amazon.com,Amazon,26-10-25,18:51:59,26-10-25 18:51,Sunday,18,October,10,43,Evening
Bayan,https://www.canva.com,Canva,,12:16:00,,,,,,0,Night
Sara,https://www.tiktok.com,TikTok,,0:00:00,,,,,,0,Night
Leen,https://www.chatgpt.com,ChatGPT,,9:20:00,,,,,,0,Night
Sara,https://www.google.com,Google,,12:32:00,,,,,,0,Night
Bayan,https://www.twitch.tv,Twitch,16-01-26,15:24:00,16-01-26 15:24,Friday,15,January,1,3,Afternoon
Noor,https://www.twitter.com,Twitter / X,,9:17:00,,,,,,0,Night
Noor,https://www.instagram.com,Instagram,,3:58:47,,,,,,0,Night
Bayan,https://www.coursera.org,Coursera,,2:38:03,,,,,,0,Night
Sara,https://www.github.com,GitHub,,15:25:30,,,,,,0,Night
Bayan,https://www.youtube.com,YouTube,,3:42:00,,,,,,0,Night
Noor,https://www.canva.com,Canva,,19:25:00,,,,,,0,Night
Sara,https://www.spotify.com,Spotify,,6:59:00,,,,,,0,Night
Bayan,https://www.facebook.com,Facebook,24-01-26,0:07:00,24-01-26 0:07,Saturday,0,January,1,4,Night
Bayan,https://www.spotify.com,Spotify,,12:41:00,,,,,,0,Night
Sara,https://www.wikipedia.org,Wikipedia,,0:30:58,,,,,,0,Night
Bayan,https://www.canva.com,Canva,,16:05:00,,,,,,0,Night
Shahd,https://www.tiktok.com,TikTok,,12:15:00,,,,,,0,Night
Bayan,https://www.coursera.org,Coursera,18-09-25,17:57:00,18-09-25 17:57,Thursday,17,September,9,38,Evening
Leen,https://www.github.com,GitHub,,15:58:00,,,,,,0,Night
Sara,https://www.wikipedia.org,Wikipedia,,10:29:00,,,,,,0,Night
Bayan,https://www.reddit.com,Reddit,16-12-25,2:31:00,16-12-25 2:31,Tuesday,2,December,12,51,Night
Leen,https://www.github.com,GitHub,,23:19:40,,,,,,0,Night
Sara,https://www.chatgpt.com,ChatGPT,30-10-25,10:35:00,30-10-25 10:35,Thursday,10,October,10,44,Morning
Leen,https://www.stackoverflow.com,Stack Overflow,23-09-25,17:18:00,23-09-25 17:18,Tuesday,17,September,9,39,Evening
Leen,https://www.github.com,GitHub,,15:09:00,,,,,,0,Night
Sara,https://www.google.com,Google,23-12-25,21:07:00,23-12-25 21:07,Tuesday,21,December,12,52,Night
Sara,https://www.google.com,Google,,5:49:00,,,,,,0,Night
Sara,https://www.youtube.com,YouTube,,0:00:00,,,,,,0,Night
Leen,https://www.twitter.com,Twitter / X,,0:36:00,,,,,,0,Night
Noor,https://www.github.com,GitHub,,4:14:00,,,,,,0,Night
Sara,https://www.wikipedia.org,Wikipedia,,2:08:26,,,,,,0,Night
Leen,https://www.twitter.com,Twitter / X,,11:41:00,,,,,,0,Night
Shahd,https://www.twitch.tv,Twitch,,2:24:00,,,,,,0,Night
Sara,https://www.youtube.com,YouTube,14-10-25,10:50:00,14-10-25 10:50,Tuesday,10,October,10,42,Morning
Sara,https://www.github.com,GitHub,,0:00:00,,,,,,0,Night
Bayan,https://www.wikipedia.org,Wikipedia,15-01-26,10:48:00,15-01-26 10:48,Thursday,10,January,1,3,Morning
Shahd,https://www.wikipedia.org,Wikipedia,,0:37:00,,,,,,0,Night
Sara,https://www.coursera.org,Coursera,,23:25:00,,,,,,0,Night
Sara,https://www.github.com,GitHub,,22:37:58,,,,,,0,Night
Shahd,https://www.facebook.com,Facebook,,12:57:00,,,,,,0,Night
Bayan,https://www.amazon.com,Amazon,,12:13:00,,,,,,0,Night
Leen,https://www.kaggle.com,Kaggle,26-01-26,23:00:00,26-01-26 23:00,Monday,23,January,1,5,Night
Sara,https://www.netflix.com,Netflix,,15:53:00,,,,,,0,Night
Shahd,https://www.amazon.com,Amazon,,19:24:00,,,,,,0,Night
Leen,https://www.linkedin.com,LinkedIn,,14:25:26,,,,,,0,Night
Leen,https://www.kaggle.com,Kaggle,,23:10:00,,,,,,0,Night
Sara,https://www.twitter.com,Twitter / X,,19:58:03,,,,,,0,Night
Leen,https://www.amazon.com,Amazon,,18:59:00,,,,,,0,Night
Noor,https://www.twitter.com,Twitter / X,,3:42:00,,,,,,0,Night
Leen,https://www.instagram.com,Instagram,,12:35:00,,,,,,0,Night
Bayan,https://www.w3schools.com,W3Schools,,9:38:58,,,,,,0,Night
Sara,https://www.reddit.com,Reddit,17-11-25,0:26:00,17-11-25 0:26,Monday,0,November,11,47,Night
Leen,https://www.youtube.com,YouTube,,11:36:34,,,,,,0,Night
Noor,https://www.twitch.tv,Twitch,,6:42:00,,,,,,0,Night
Leen,https://www.w3schools.com,W3Schools,,21:36:59,,,,,,0,Night
Shahd,https://www.reddit.com,Reddit,,23:46:01,,,,,,0,Night
Leen,https://www.google.com,Google,,19:07:00,,,,,,0,Night
Bayan,https://www.facebook.com,Facebook,,21:26:59,,,,,,0,Night
Sara,https://www.wikipedia.org,Wikipedia,,1:32:00,,,,,,0,Night
Noor,https://www.canva.com,Canva,,7:18:57,,,,,,0,Night
Shahd,https://www.chatgpt.com,ChatGPT,19-09-25,12:25:43,19-09-25 12:25,Friday,12,September,9,38,Afternoon
Leen,https://www.instagram.com,Instagram,,8:31:00,,,,,,0,Night
Sara,https://www.spotify.com,Spotify,,4:07:00,,,,,,0,Night
Shahd,https://www.canva.com,Canva,17-11-25,2:34:00,17-11-25 2:34,Monday,2,November,11,47,Night
Noor,https://www.instagram.com,Instagram,,19:25:55,,,,,,0,Night
Shahd,https://www.tiktok.com,TikTok,,18:50:00,,,,,,0,Night
Leen,https://www.twitch.tv,Twitch,,21:36:00,,,,,,0,Night
Shahd,https://www.twitch.tv,Twitch,,6:52:00,,,,,,0,Night
Shahd,https://www.canva.com,Canva,,0:00:00,,,,,,0,Night
Sara,https://www.w3schools.com,W3Schools,,10:09:00,,,,,,0,Night
Sara,https://www.amazon.com,Amazon,,14:02:00,,,,,,0,Night
Shahd,https://www.w3schools.com,W3Schools,,3:01:00,,,,,,0,Night
Bayan,https://www.github.com,GitHub,,16:18:00,,,,,,0,Night
Bayan,https://www.wikipedia.org,Wikipedia,,7:30:00,,,,,,0,Night
Noor,https://www.amazon.com,Amazon,26-09-25,9:10:00,26-09-25 9:10,Friday,9,September,9,39,Morning
Noor,https://www.google.com,Google,,4:44:39,,,,,,0,Night
Bayan,https://www.google.com,Google,,15:12:00,,,,,,0,Night
Leen,https://www.spotify.com,Spotify,,7:16:00,,,,,,0,Night
Sara,https://www.facebook.com,Facebook,19-10-25,13:05:00,19-10-25 13:05,Sunday,13,October,10,42,Afternoon
Leen,https://www.netflix.com,Netflix,,14:57:00,,,,,,0,Night
Shahd,https://www.twitter.com,Twitter / X,,1:31:00,,,,,,0,Night
Noor,https://www.facebook.com,Facebook,,20:19:00,,,,,,0,Night
Noor,https://www.stackoverflow.com,Stack Overflow,,13:28:00,,,,,,0,Night
Noor,https://www.github.com,GitHub,,2:04:00,,,,,,0,Night
Leen,https://www.tiktok.com,TikTok,16-01-26,18:41:00,16-01-26 18:41,Friday,18,January,1,3,Evening
Sara,https://www.tiktok.com,TikTok,,8:38:41,,,,,,0,Night
Sara,https://www.linkedin.com,LinkedIn,,14:53:00,,,,,,0,Night
Bayan,https://www.coursera.org,Coursera,,16:06:30,,,,,,0,Night
Leen,https://www.twitch.tv,Twitch,,17:50:00,,,,,,0,Night
Leen,https://www.tiktok.com,TikTok,,13:53:53,,,,,,0,Night
Bayan,https://www.chatgpt.com,ChatGPT,,21:20:00,,,,,,0,Night
Shahd,https://www.youtube.com,YouTube,,13:34:00,,,,,,0,Night
Leen,https://www.github.com,GitHub,,0:00:00,,,,,,0,Night
Sara,https://www.instagram.com,Instagram,,10:41:37,,,,,,0,Night
Noor,https://www.linkedin.com,LinkedIn,,12:14:00,,,,,,0,Night
Leen,https://www.canva.com,Canva,,2:51:00,,,,,,0,Night
Shahd,https://www.reddit.com,Reddit,19-11-25,1:33:05,19-11-25 1:33,Wednesday,1,November,11,47,Night
Leen,https://www.kaggle.com,Kaggle,,3:51:54,,,,,,0,Night
Noor,https://www.facebook.com,Facebook,22-11-25,17:38:00,22-11-25 17:38,Saturday,17,November,11,47,Evening
Bayan,https://www.tiktok.com,TikTok,16-11-25,22:37:00,16-11-25 22:37,Sunday,22,November,11,46,Night
Sara,https://www.chatgpt.com,ChatGPT,,11:31:00,,,,,,0,Night
Sara,https://www.linkedin.com,LinkedIn,,10:03:00,,,,,,0,Night
Shahd,https://www.wikipedia.org,Wikipedia,,16:43:43,,,,,,0,Night
Leen,https://www.kaggle.com,Kaggle,,20:29:00,,,,,,0,Night
Bayan,https://www.google.com,Google,,14:34:56,,,,,,0,Night
Noor,https://www.facebook.com,Facebook,,17:14:00,,,,,,0,Night
Shahd,https://www.canva.com,Canva,,18:12:00,,,,,,0,Night
Bayan,https://www.tiktok.com,TikTok,20-09-25,7:01:00,20-09-25 7:01,Saturday,7,September,9,38,Morning
Bayan,https://www.instagram.com,Instagram,,2:23:00,,,,,,0,Night
Sara,https://www.linkedin.com,LinkedIn,,7:43:00,,,,,,0,Night
Shahd,https://www.facebook.com,Facebook,,10:02:33,,,,,,0,Night
Noor,https://www.instagram.com,Instagram,,0:50:00,,,,,,0,Night
Shahd,https://www.twitch.tv,Twitch,,16:54:00,,,,,,0,Night
Shahd,https://www.youtube.com,YouTube,,6:49:00,,,,,,0,Night
