user_name,website_url,website_name,visit_date,visit_time
Noor,https://www.kaggle.com,kaggle,19-10-25,20:28
Noor,https://www.kaggle.com,Kaggle,14-10-25,19:42:21
Noor,https://www.twitch.tv,Twitch,30-12-25,5:03 AM
Shahd,https://www.tiktok.com,TikTok,12-11-25,13:22:53
Sara,https://www.wikipedia.org,wikipedia,17-12-25,22:10:26
Leen,https://www.wikipedia.org,Wikipedia,19-12-25,3:45
Bayan,https://www.w3schools.com,w3schools,10-28-2025,1:03 AM
Noor,https://www.twitter.com,Twitter / X,06-01-26,3:11
Bayan,https://www.canva.com,Canva,01-24-2026,4:41
Sara,https://www.facebook.com,FaceBook,29-10-25,8:07
Shahd,https://www.wikipedia.org,Wikipedia,26-12-25,6:03:02
Leen,https://www.facebook.com,Facebook,17-01-26,21:14:35
Sara,https://www.twitch.tv,Twitch,08-09-25,4:18 PM
Bayan,https://www.twitter.com,Twitter / X,18-12-25,8:48 AM
Leen,https://www.linkedin.com,LinkedIn,26-09-25,9:24
Shahd,https://www.google.com,Google,19-12-25,4:54 AM
Leen,https://www.netflix.com,Netflix,02-01-26,12:50 PM
Shahd,https://www.linkedin.com,LinkedIn,11-20-2025,18:39
Shahd,https://www.facebook.com,FaceBook,11-24-2025,1:31 PM
Sara,https://www.w3schools.com,W3Schools,22-10-25,12:27 AM
Noor,https://www.w3schools.com,W3Schools,09-11-25,13:44
Noor,,TikTok,14-10-25,12:57:03
Noor,https://www.w3schools.com,W3Schools,29-11-25,13:39
Sara,https://www.canva.com,Canva,01-10-25,21:43
Noor,https://www.netflix.com,Netfix,27-09-25,12:42 PM
Leen,https://www.coursera.org,Courcera,01-01-26,7:22
Bayan,https://www.instagram.com,Instagram,18-01-26,
Sara,https://www.tiktok.com,TikTok,15-12-25,6:06 AM
Sara,https://www.w3schools.com,W3Schools,11-12-25,11:45 PM
Sara,https://www.chatgpt.com,chatgpt,09-20-2025,9:56:47
Sara,https://www.kaggle.com,Kaggle,23-09-25,9:07 PM
Sara,https://www.coursera.org,COURSERA,31-12-25,4:51 PM
Sara,https://www.w3schools.com,W3Schools,08-12-25,
Bayan,https://www.netflix.com,Netfix,01-10-25,1:20 PM
Sara,https://www.amazon.com,Amazon,02-11-25,6:32:34
Leen,https://www.netflix.com,Netflix,11-16-2025,7:18 AM
Leen,https://www.youtube.com,youtube,06-01-26,7:34 PM
Sara,https://www.canva.com,Canva,01-11-25,7:02 AM
Sara,https://www.github.com,GitHub,12-02-25,5:09
Sara,https://www.facebook.com,FaceBook,04-11-25,17:34
Sara,https://www.canva.com,Canva,29-11-25,3:35 PM
Sara,https://www.amazon.com,Amazon,03-01-26,4:58:12
Bayan,https://www.youtube.com,YouTube,09-25-2025,6:43 AM
Bayan,https://www.reddit.com,Reddit,10-13-2025,12:25 AM
Noor,https://www.spotify.com,Spotify,25-10-25,4:45:26
Sara,https://www.spotify.com,Spotify,10-13-2025,19:19:39
Bayan,https://www.reddit.com,REDDIT,08-10-25,10:10 AM
Leen,https://www.canva.com,Canva,09-11-25,21:20:13
Shahd,https://www.kaggle.com,KAGGLE,03-01-26,2:27 AM
Sara,https://www.netflix.com,Netflix,20-11-25,18:22:48
Bayan,https://www.instagram.com,Instagram,13-12-25,0:20
Shahd,https://www.stackoverflow.com,Stack Overflow,02-11-25,8:14
Sara,https://www.github.com,GitHub,17-01-26,4:19:24
Sara,https://www.github.com,GitHub,30-01-26,6:15 AM
Shahd,,Facebook,09-01-26,10:18
Noor,https://www.coursera.org,Coursera,28-11-25,9:22
Leen,https://www.facebook.com,FACEBOOK,09-09-25,2:37 PM
Shahd,https://www.twitter.com,Twitter / X,20-10-25,9:04:26
Leen,https://www.spotify.com,Spotify,27-12-25,17:08
Noor,https://www.amazon.com,,12-10-25,1:16
Noor,https://www.w3schools.com,W3Schools,27-10-25,5:27 PM
Bayan,https://www.google.com,Google,30-09-25,8:18 PM
Bayan,https://www.coursera.org,Courcera,09-08-25,4:31:26
Shahd,https://www.reddit.com,Reddit,01-12-26,17:04:14
Shahd,https://www.youtube.com,you tube,11-12-25,12:05:53
Leen,,Tik Tok,28-10-25,12:09 AM
Noor,https://www.netflix.com,Netflix,21-09-25,3:20 AM
Bayan,https://www.netflix.com,Netflix,12-16-2025,7:01 PM
Sara,https://www.netflix.com,Netflix,19-01-26,0:57
Bayan,https://www.canva.com,Canva,14-01-26,19:01:39
Leen,,Netflix,27-12-25,15:39:52
Leen,https://www.instagram.com,Instagram,05-09-25,5:35 AM
Bayan,https://www.kaggle.com,Kaggle,01-12-25,9:12 PM
Noor,https://www.github.com,GitHub,11-21-2025,5:24 PM
Leen,https://www.google.com,Google,26-10-25,20:27
Sara,https://www.facebook.com,,16-10-25,23:16
Sara,https://www.coursera.org,Coursera,26-10-25,11:41
Noor,https://www.linkedin.com,LINKEDIN,08-12-25,8:58
Bayan,https://www.twitter.com,X,13-11-25,19:30
Sara,https://www.twitch.tv,,15-10-25,8:07 PM
Shahd,https://www.w3schools.com,W3Schools,15-10-25,2:29
Leen,https://www.chatgpt.com,ChatGPT,10-01-26,12:40
Leen,https://www.twitch.tv,Twitch,06-09-25,14:17
Shahd,https://www.linkedin.com,,05-01-26,15:41:52
Bayan,https://www.spotify.com,spotify,06-01-26,6:46:57
Shahd,https://www.linkedin.com,linkedin,09-01-25,21:45:35
Leen,https://www.facebook.com,FACEBOOK,09-14-2025,20:47
Noor,https://www.youtube.com,YOU TUBE,20-11-25,1:53 AM
Sara,https://www.chatgpt.com,ChatGpt,06-01-26,19:00:40
Noor,https://www.reddit.com,Reddit,14-12-25,10:06 AM
Leen,https://www.reddit.com,Reddit,14-11-25,16:48:01
Bayan,https://www.stackoverflow.com,StackOverflow,30-01-26,6:57 AM
Shahd,https://www.tiktok.com,,30-10-25,6:17:33
Noor,https://www.instagram.com,INSTAGRAM,25-10-25,7:51 AM
Sara,https://www.w3schools.com,w3school,11-09-25,12:47 PM
Sara,https://www.instagram.com,INSTAGRAM,27-09-25,8:52 PM
Noor,https://www.youtube.com,YOU TUBE,20-11-25,1:53 AM
Shahd,https://www.w3schools.com,W3Schools,24-01-26,6:17
Sara,https://www.twitch.tv,TWITCH,25-12-25,3:44 PM
Shahd,https://www.google.com,google,11-24-2025,4:55 PM
Leen,https://www.youtube.com,youtube,30-09-25,13:04:01
Leen,https://www.w3schools.com,W3 Schools,10-01-25,4:13 PM
Noor,https://www.canva.com,Cnava,16-12-25,20:42:06
Leen,https://www.spotify.com,spotify,09-23-2025,15:44
Shahd,https://www.instagram.com,Instagram,18-09-25,17:08
Bayan,https://www.linkedin.com,LinkedIn,28-10-25,9:19
Bayan,https://www.coursera.org,COURSERA,10-23-2025,3:28 AM
Sara,https://www.spotify.com,Spotify,30-10-25,7:10 AM
Shahd,https://www.coursera.org,coursera,03-12-25,0:24:01
Noor,https://www.github.com,GitHub,09-17-2025,6:53
Noor,https://www.reddit.com,reddit,10-28-2025,12:36:30
Noor,https://www.instagram.com,INSTAGRAM,10-02-25,10:58 AM
Shahd,https://www.chatgpt.com,chatgpt,23-10-25,2:48
Leen,https://www.w3schools.com,W3Schools,01-04-26,16:49
Shahd,https://www.amazon.com,Amazone,11-02-25,11:42
Noor,https://www.coursera.org,Courcera,12-12-25,19:19:59
Shahd,https://www.linkedin.com,LinkedIn,11-20-2025,18:39
Shahd,https://www.netflix.com,Netflix,30-11-25,18:11
Sara,https://www.linkedin.com,LinkedIn,29-09-25,16:41:04
Leen,https://www.twitter.com,twitter/x,04-09-25,16:54
Sara,https://www.amazon.com,AMAZON,30-11-25,2:03 AM
Bayan,https://www.instagram.com,Instragram,10-10-25,8:42:33
Noor,https://www.instagram.com,instagram,22-10-25,2:05 AM
Shahd,https://www.google.com,Google,10-26-2025,20:27:00
Sara,https://www.stackoverflow.com,StackOverflow,12-16-2025,1:49 AM
Bayan,https://www.coursera.org,COURSERA,02-09-25,9:24 PM
Sara,https://www.spotify.com,Spotify,13-12-25,11:40 PM
Sara,https://www.w3schools.com,W3Schools,10-22-2025,12:13:24
Leen,https://www.amazon.com,Amazon,29-10-25,14:19
Sara,https://www.wikipedia.org,Wikepedia,12-05-25,7:19
Leen,https://www.stackoverflow.com,Stack Overflow,17-09-25,18:35
Sara,https://www.google.com,Gooogle,12-30-2025,6:31
Shahd,https://www.kaggle.com,Kaggle,12-31-2025,3:54:47
Noor,https://www.twitter.com,X,01-20-2026,18:44
Shahd,https://www.netflix.com,Netflix,09-15-2025,12:53:50
Noor,https://www.chatgpt.com,ChatGPT,20-09-25,18:11
Shahd,https://www.facebook.com,Facebook,29-09-25,18:39:39
Sara,https://www.github.com,GitHub,04-11-25,18:32:49
Bayan,https://www.youtube.com,Youtube,11-06-25,6:50 AM
Bayan,https://www.stackoverflow.com,Stack Overflow,01-12-25,11:48 PM
Bayan,https://www.canva.com,Canva,24-12-25,11:52 PM
Noor,https://www.kaggle.com,Kaggle,09-03-25,8:14:10
Noor,https://www.netflix.com,,14-10-25,8:07
Shahd,https://www.spotify.com,SPOTIFY,21-12-25,15:13
Sara,https://www.canva.com,Canva,29-11-25,3:35 PM
Shahd,https://www.amazon.com,Amazon,01-02-26,1:40 AM
Sara,https://www.tiktok.com,Tik Tok,19-11-25,
Shahd,https://www.coursera.org,Coursera,09-28-2025,2:34 PM
Shahd,https://www.canva.com,Cnava,13-11-25,7:15 AM
Bayan,https://www.youtube.com,Youtube,11-06-25,6:50 AM
Sara,https://www.google.com,Gooogle,12-29-2025,21:34:10
Sara,https://www.wikipedia.org,WIKIPEDIA,10-02-25,10:49 PM
Leen,https://www.instagram.com,Instagram,07-12-25,23:22:07
Bayan,https://www.youtube.com,YouTube,16-12-25,20:49
Noor,https://www.twitch.tv,Twtich,02-01-26,7:12:47
Leen,https://www.instagram.com,Instagram,27-11-25,8:09 AM
Sara,https://www.google.com,Google,13-12-25,4:38:35
Leen,https://www.twitter.com,Twitter / X,10-10-25,20:16
Noor,https://www.github.com,GitHub,03-10-25,
Noor,https://www.chatgpt.com,ChatGPT,09-01-26,
Sara,https://www.netflix.com,Netflix,27-01-26,
Shahd,https://www.amazon.com,Amazon,18-11-25,3:39 PM
Leen,https://www.netflix.com,NETFLIX,11-11-25,20:34:20
Shahd,https://www.stackoverflow.com,StackOverflow,21-11-25,7:39
Noor,https://www.wikipedia.org,Wikipedia,10-05-25,16:11:10
Noor,https://www.wikipedia.org,Wikipedia,08-11-25,4:27 AM
Shahd,https://www.coursera.org,Coursera,27-11-25,0:38
Bayan,,Kaggle,10-24-2025,13:41
Leen,https://www.twitter.com,twitter/x,19-10-25,6:49
Leen,https://www.chatgpt.com,ChatGPT,10-01-26,12:40
Sara,https://www.coursera.org,Coursera,18-09-25,15:40:06
Shahd,https://www.coursera.org,Courcera,30-11-25,4:27
Shahd,https://www.canva.com,Canva,14-12-25,23:18:17
Bayan,https://www.twitter.com,twitter/x,10-09-25,19:50:15
Shahd,https://www.canva.com,,06-01-26,20:37
Noor,https://www.youtube.com,YouTube,12-12-25,19:15:54
Leen,https://www.netflix.com,netflix,12-11-25,21:45
Shahd,https://www.w3schools.com,w3schools,24-11-25,21:03
Bayan,https://www.spotify.com,Spotify,17-10-25,16:09
Bayan,https://www.wikipedia.org,,07-01-26,
Sara,https://www.github.com,GitHub,01-15-2026,5:12 AM
Shahd,https://www.amazon.com,Amazon,18-11-25,3:39 PM
Sara,https://www.wikipedia.org,Wikepedia,12-05-25,7:19
Sara,https://www.github.com,GitHub,12-01-25,3:32:53
Leen,https://www.twitter.com,twitter/x,19-10-25,6:49
Shahd,https://www.kaggle.com,Kagle,03-11-25,16:14:56
Shahd,https://www.facebook.com,FACEBOOK,11-09-25,14:00
Sara,https://www.facebook.com,Facebook,30-11-25,0:26:04
Bayan,https://www.chatgpt.com,ChatGpt,15-09-25,4:20 AM
Shahd,https://www.twitter.com,twitter/x,11-01-26,2:24 AM
Leen,https://www.wikipedia.org,Wikepedia,17-09-25,0:06:27
Sara,https://www.coursera.org,,06-10-25,5:43 PM
Sara,https://www.twitch.tv,Twitch,29-12-25,3:27 AM
Leen,https://www.github.com,GitHub,23-10-25,2:51:58
Shahd,,,12-19-2025,12:00 PM
Shahd,https://www.twitch.tv,twitch,13-12-25,
Noor,https://www.twitch.tv,,02-12-25,3:45 AM
Sara,https://www.stackoverflow.com,Stack Overflow,12-10-25,6:54 AM
Shahd,https://www.github.com,GitHub,09-02-25,
Bayan,https://www.github.com,GitHub,09-07-25,6:12:16
Sara,https://www.facebook.com,Facebook,19-12-25,8:16 AM
Bayan,https://www.github.com,GitHub,29-12-25,7:42
Bayan,https://www.tiktok.com,TikTok,01-10-25,6:58:18
Sara,https://www.coursera.org,COURSERA,10-27-2025,1:22 PM
Leen,https://www.youtube.com,you tube,04-12-25,2:26
Leen,https://www.google.com,,11-14-2025,2:18 AM
Noor,https://www.linkedin.com,LinkedIn,08-12-25,
Bayan,https://www.chatgpt.com,,12-22-2025,6:00 PM
Leen,https://www.coursera.org,Coursera,12-21-2025,19:47
Shahd,https://www.canva.com,CANVA,26-01-26,13:48
Shahd,https://www.facebook.com,Facebook,06-11-25,13:15
Bayan,https://www.netflix.com,Netflix,10-13-2025,20:56:47
Bayan,https://www.reddit.com,REDDIT,13-09-25,8:13 PM
Sara,https://www.instagram.com,instagram,07-10-25,2:00
Bayan,https://www.twitch.tv,,10-01-26,16:07:23
Leen,https://www.canva.com,Canva,01-30-2026,3:36 PM
Noor,https://www.stackoverflow.com,,31-10-25,5:03
Bayan,https://www.twitter.com,Twitter / X,19-09-25,16:51:18
Noor,https://www.twitch.tv,Twitch,25-12-25,8:36 AM
Shahd,https://www.wikipedia.org,wikipedia,30-10-25,12:58
Shahd,https://www.chatgpt.com,ChatGPT,12-03-25,21:52
Sara,https://www.youtube.com,,06-01-26,16:55
Noor,https://www.amazon.com,Amazon,21-12-25,18:55
Leen,https://www.instagram.com,Instagram,08-12-25,5:56
Shahd,https://www.twitch.tv,Twitch,12-19-2025,10:35:17
Noor,https://www.spotify.com,,05-09-25,15:25
Shahd,https://www.reddit.com,reddit,24-09-25,19:31:54
Bayan,https://www.w3schools.com,W3Schools,30-01-26,
Leen,https://www.linkedin.com,LinkedIn,06-11-25,13:50:16
Noor,https://www.linkedin.com,LINKEDIN,03-01-26,8:06 AM
Leen,https://www.youtube.com,,09-18-2025,5:36 PM
Sara,https://www.twitter.com,Twitter / X,09-25-2025,10:23 AM
Noor,https://www.twitch.tv,,19-12-25,12:20 AM
Shahd,https://www.netflix.com,Netflix,13-10-25,2:18 PM
Noor,https://www.spotify.com,Spotify,11-12-25,8:54 AM
Sara,https://www.github.com,github,01-07-26,19:36:55
Noor,https://www.youtube.com,YOU TUBE,22-01-26,11:52 PM
Shahd,https://www.wikipedia.org,Wikipedia,14-11-25,21:33
Leen,https://www.github.com,github,03-09-25,11:27 PM
Noor,https://www.kaggle.com,Kaggle,01-18-2026,13:41:36
Shahd,https://www.linkedin.com,LINKEDIN,22-01-26,1:25
Noor,https://www.netflix.com,Netflix,17-09-25,20:43
Bayan,https://www.reddit.com,Reddit,09-12-25,12:37 PM
Shahd,https://www.spotify.com,Spotify,30-11-25,4:29 PM
Shahd,https://www.facebook.com,FACEBOOK,29-11-25,15:40
Sara,https://www.twitter.com,X,28-11-25,7:27 AM
Bayan,https://www.canva.com,Canva,11-18-2025,10:34:24
Noor,https://www.wikipedia.org,WIKIPEDIA,11-14-2025,11:35
Shahd,https://www.wikipedia.org,Wikipedia,06-10-25,5:48 AM
Bayan,https://www.canva.com,Canva,11-08-25,6:19 AM
Noor,https://www.tiktok.com,TikTok,19-10-25,9:00 PM
Shahd,https://www.stackoverflow.com,stackoverflow,11-23-2025,14:04:05
Sara,https://www.reddit.com,Reddt,01-17-2026,10:34
Sara,https://www.google.com,Gooogle,02-10-25,5:05:36
Leen,https://www.tiktok.com,TikTok,21-10-25,14:17:38
Shahd,https://www.netflix.com,Netfix,26-09-25,2:02 AM
Sara,https://www.twitter.com,twitter/x,08-12-25,3:27 AM
Sara,https://www.netflix.com,NETFLIX,30-01-26,12:30 PM
Bayan,https://www.facebook.com,Facebook,22-12-25,19:47:57
Bayan,https://www.stackoverflow.com,Stack Overflow,21-09-25,10:13 PM
Noor,https://www.youtube.com,YouTube,31-12-25,4:34 PM
Sara,https://www.stackoverflow.com,Stack Overflow,01-07-26,7:36 PM
Shahd,https://www.instagram.com,Instagram,12-11-25,10:32 AM
Noor,https://www.wikipedia.org,Wikipedia,10-09-25,2:49:59
Sara,https://www.amazon.com,Amazon,09-01-26,1:42
Noor,https://www.kaggle.com,Kaggle,08-01-26,7:49
Bayan,https://www.coursera.org,COURSERA,12-23-2025,
Shahd,https://www.facebook.com,Facebook,18-12-25,10:04:21
Bayan,https://www.wikipedia.org,Wikepedia,19-11-25,3:42
Leen,https://www.facebook.com,Facebook,15-01-26,4:53:04
Noor,,w3school,01-24-2026,19:20:39
Sara,https://www.wikipedia.org,WIKIPEDIA,14-10-25,19:17:29
Sara,https://www.wikipedia.org,Wikipedia,11-09-25,7:23:42
Sara,https://www.youtube.com,YouTube,07-12-25,10:43:47
Noor,https://www.kaggle.com,Kaggle,01-26-2026,
Leen,https://www.github.com,github,03-09-25,11:27 PM
Bayan,https://www.amazon.com,amazon,20-09-25,11:06 PM
Bayan,https://www.stackoverflow.com,StackOverflow,29-01-26,8:49
Bayan,https://www.chatgpt.com,chatgpt,01-12-26,5:02:50
Leen,https://www.stackoverflow.com,Stack Overflow,12-16-2025,19:33
Shahd,https://www.chatgpt.com,ChatGPT,07-09-25,6:55
Bayan,https://www.netflix.com,,07-09-25,1:44:46
Bayan,https://www.google.com,Google,29-12-25,5:56 AM
Noor,https://www.spotify.com,,05-09-25,15:25
Sara,https://www.facebook.com,Facebook,16-11-25,7:49:25
Noor,https://www.tiktok.com,Tik Tok,23-11-25,
Noor,https://www.wikipedia.org,Wikipedia,26-11-25,1:03 AM
Leen,,Netflix,27-12-25,15:39:52
Noor,https://www.stackoverflow.com,Stack Overflow,05-09-25,2:01 AM
Sara,https://www.canva.com,CANVA,13-09-25,4:42 AM
Leen,https://www.canva.com,,31-12-25,15:36:41
Noor,https://www.linkedin.com,LinkedIn,14-11-25,2:28 AM
Shahd,https://www.coursera.org,Coursera,12-10-25,12:08:04
Leen,https://www.canva.com,Canva,17-10-25,16:06:08
Noor,https://www.tiktok.com,tiktok,10-14-2025,14:25:35
Noor,https://www.linkedin.com,LinkedIn,10-20-2025,19:47:55
Bayan,https://www.chatgpt.com,,11-01-25,6:00 PM
Bayan,https://www.spotify.com,Spotify,12-17-2025,10:27 PM
Shahd,https://www.chatgpt.com,ChatGPT,23-01-26,4:23 AM
Sara,https://www.chatgpt.com,ChatGpt,12-08-25,0:12
Sara,https://www.spotify.com,SPOTIFY,21-09-25,1:22 AM
Shahd,https://www.chatgpt.com,Chat GPT,05-01-26,1:46 PM
Leen,https://www.youtube.com,YOU TUBE,04-10-25,8:02 PM
Noor,https://www.instagram.com,Instagram,09-18-2025,12:12
Noor,https://www.canva.com,Canva,01-19-2026,4:44:08
Leen,https://www.stackoverflow.com,Stack Overflow,24-01-26,3:30:47
Bayan,https://www.kaggle.com,Kaggle,08-09-25,14:38:33
Shahd,https://www.youtube.com,you tube,29-12-25,9:13 AM
Shahd,https://www.spotify.com,SPOTIFY,13-09-25,
Noor,https://www.kaggle.com,kaggle,19-10-25,20:28
Bayan,https://www.github.com,github,02-11-25,8:44 AM
Bayan,https://www.canva.com,Canva,27-10-25,13:42
Sara,https://www.facebook.com,Facebook,25-09-25,22:20
Bayan,https://www.twitch.tv,TWITCH,13-10-25,11:43
Leen,https://www.wikipedia.org,Wikipedia,27-01-26,5:31
Noor,https://www.wikipedia.org,wikipedia,10-11-25,17:11
Sara,https://www.twitch.tv,TWITCH,25-12-25,3:44 PM
Bayan,https://www.tiktok.com,tiktok,08-12-25,
Bayan,https://www.twitch.tv,Twitch,28-12-25,4:32:20
Noor,https://www.w3schools.com,W3 Schools,17-11-25,12:21 PM
Noor,https://www.youtube.com,,11-05-25,1:15 AM
Sara,https://www.amazon.com,Amazone,16-01-26,7:49 PM
Bayan,https://www.coursera.org,Coursera,01-13-2026,9:16:22
Bayan,https://www.reddit.com,Reddit,01-22-2026,5:31 AM
Noor,https://www.twitch.tv,Twitch,10-01-26,4:10 AM
Sara,https://www.linkedin.com,linkedin,07-01-26,6:17 AM
Noor,https://www.amazon.com,AMAZON,18-09-25,12:20
Noor,https://www.instagram.com,Instragram,08-01-26,5:45 PM
Leen,https://www.chatgpt.com,ChatGPT,08-10-25,8:07 AM
Shahd,https://www.youtube.com,YouTube,10-12-25,23:00
Sara,https://www.stackoverflow.com,stackoverflow,11-15-2025,9:59 AM
Leen,https://www.w3schools.com,W3Schools,10-11-25,11:50 PM
Noor,https://www.canva.com,canva,18-01-26,4:50:54
Leen,https://www.amazon.com,Amazone,12-09-25,5:57:03
Shahd,https://www.w3schools.com,w3schools,01-09-25,1:53 AM
Noor,https://www.netflix.com,Netflix,21-11-25,3:29:06
Shahd,https://www.google.com,Google,28-12-25,1:09 AM
Leen,https://www.facebook.com,Facebook,10-12-25,19:26:05
Bayan,https://www.reddit.com,,23-10-25,6:01 AM
Shahd,https://www.stackoverflow.com,Stack Overflow,10-04-25,19:50:35
Shahd,https://www.twitch.tv,Twitch,12-01-26,7:37:48
Noor,https://www.twitter.com,X,28-01-26,7:35 AM
Shahd,https://www.chatgpt.com,ChatGPT,03-12-25,6:37 PM
Sara,https://www.amazon.com,AMAZON,26-11-25,13:28
Leen,https://www.facebook.com,,05-10-25,12:10 PM
Shahd,https://www.facebook.com,Facebook,07-12-25,21:48:04
Shahd,https://www.github.com,GitHub,22-11-25,3:21:27
Leen,https://www.canva.com,Canva,17-10-25,16:06:08
Noor,https://www.coursera.org,Coursera,11-24-2025,6:09 AM
Leen,https://www.instagram.com,INSTAGRAM,24-01-26,
Leen,https://www.amazon.com,Amazon,13-09-25,1:31
Bayan,https://www.w3schools.com,W3Schools,07-09-25,23:54
Leen,https://www.instagram.com,Instragram,04-11-25,0:28
Shahd,https://www.google.com,Google,26-10-25,5:56 PM
Bayan,https://www.stackoverflow.com,StackOverflow,12-09-25,13:33:03
Leen,https://www.wikipedia.org,wikipedia,01-24-2026,2:44:51
Shahd,https://www.reddit.com,Reddit,09-05-25,3:30 AM
Noor,https://www.twitter.com,Twitter / X,26-01-26,5:29:12
Sara,https://www.facebook.com,FACEBOOK,30-10-25,1:19
Shahd,https://www.wikipedia.org,Wikipedia,26-12-25,6:03:02
Bayan,https://www.stackoverflow.com,Stack Overflow,09-29-2025,6:11
Leen,https://www.w3schools.com,w3school,25-09-25,5:12 PM
Bayan,https://www.coursera.org,Coursera,16-09-25,12:37
Bayan,https://www.twitter.com,Twitter / X,14-01-26,9:09 AM
Noor,https://www.coursera.org,Coursera,23-10-25,3:41
Bayan,https://www.canva.com,Canva,07-11-25,21:11:04
Noor,https://www.youtube.com,you tube,17-10-25,23:30
Sara,https://www.kaggle.com,Kaggle,08-09-25,7:54 AM
Leen,https://www.google.com,GOOGLE,09-09-25,22:06:34
Sara,https://www.chatgpt.com,ChatGPT,06-10-25,8:00
Shahd,https://www.stackoverflow.com,StackOverflow,16-10-25,12:52:25
Shahd,https://www.spotify.com,Spotify,03-10-25,7:11
Noor,https://www.amazon.com,Amazone,28-11-25,5:56 AM
Noor,https://www.tiktok.com,,08-12-25,12:21:40
Noor,https://www.amazon.com,amazon,13-12-25,5:43 AM
Bayan,https://www.chatgpt.com,chatgpt,27-01-26,10:45 AM
Bayan,https://www.youtube.com,Youtube,22-01-26,0:53:17
Leen,https://www.canva.com,Canva,01-14-2026,7:57:05
Sara,https://www.chatgpt.com,ChatGpt,10-01-25,1:01:23
Shahd,https://www.instagram.com,Instagram,03-11-25,19:13
Noor,https://www.wikipedia.org,Wikipedia,28-09-25,4:27
Sara,https://www.tiktok.com,TikTok,12-01-25,21:33
Leen,https://www.reddit.com,reddit,10-15-2025,12:11:04
Noor,https://www.amazon.com,Amazone,28-11-25,5:56 AM
Shahd,https://www.canva.com,Canva,12-11-25,1:02 AM
Sara,https://www.coursera.org,Courcera,04-11-25,5:52:37
Bayan,https://www.stackoverflow.com,Stack Overflow,07-12-25,13:21:40
Noor,https://www.chatgpt.com,ChatGPT,09-01-26,
Leen,https://www.w3schools.com,W3Schools,10-11-25,11:50 PM
Sara,https://www.netflix.com,Netflix,10-01-26,23:41:21
Noor,https://www.instagram.com,Instagram,21-10-25,7:12 PM
Shahd,https://www.youtube.com,,15-10-25,8:30 AM
Noor,https://www.youtube.com,YouTube,10-10-25,7:00:45
Sara,https://www.amazon.com,amazon,11-01-26,22:32:01
Bayan,https://www.github.com,GITHUB,11-25-2025,8:28
Leen,https://www.netflix.com,,22-01-26,10:23 PM
Shahd,https://www.instagram.com,Instagram,28-09-25,13:11:01
Leen,https://www.reddit.com,reddit,11-11-25,11:36 PM
Leen,https://www.chatgpt.com,ChatGPT,22-10-25,21:54:32
Noor,https://www.w3schools.com,W3 Schools,12-11-25,3:41:32
Bayan,https://www.stackoverflow.com,Stack Overflow,12-03-25,4:44
Noor,https://www.spotify.com,SPOTIFY,05-01-26,22:09:38
Sara,https://www.twitch.tv,Twitch,10-13-2025,19:47
Bayan,https://www.twitch.tv,twitch,11-08-25,9:56 AM
Sara,https://www.amazon.com,Amazon,09-01-26,1:42
Sara,https://www.twitch.tv,Twitch,10-13-2025,19:47
Sara,https://www.linkedin.com,LinkedIn,18-11-25,7:24
Noor,https://www.google.com,Google,19-09-25,3:44 AM
Noor,https://www.amazon.com,Amazon,01-01-26,21:34:10
Shahd,https://www.netflix.com,,17-09-25,1:16
Shahd,https://www.canva.com,Canva,25-01-26,11:58 AM
Shahd,https://www.instagram.com,instagram,29-10-25,2:43 AM
Bayan,https://www.kaggle.com,Kaggle,12-27-2025,10:09:39
Leen,https://www.linkedin.com,Linked In,12-23-2025,19:02:08
Noor,https://www.github.com,GitHub,03-10-25,
Noor,https://www.tiktok.com,TikTok,11-10-25,19:01
Leen,https://www.kaggle.com,,25-12-25,6:41 AM
Leen,https://www.canva.com,canva,10-09-25,17:23
Noor,https://www.canva.com,Canva,01-02-26,6:34:16
Leen,https://www.github.com,Git Hub,03-12-25,18:41
Sara,https://www.youtube.com,YouTube,11-14-2025,6:34
Bayan,https://www.kaggle.com,Kagle,14-12-25,10:39 AM
Leen,https://www.twitter.com,X,18-11-25,3:35 PM
Shahd,https://www.linkedin.com,linkedin,09-01-25,21:45:35
Bayan,https://www.chatgpt.com,Chat GPT,23-10-25,5:59
Shahd,https://www.wikipedia.org,Wikipedia,14-11-25,21:33
Bayan,https://www.github.com,github,09-03-25,16:00
Shahd,https://www.twitter.com,,18-10-25,5:56 AM
Noor,https://www.youtube.com,YOU TUBE,22-01-26,11:52 PM
Shahd,https://www.youtube.com,YouTube,14-11-25,7:38
Sara,,,11-09-25,16:27:07
Noor,https://www.kaggle.com,Kagle,01-01-26,
Noor,https://www.google.com,google,04-11-25,18:15:55
Shahd,https://www.w3schools.com,W3Schools,28-10-25,5:28:10
Shahd,https://www.coursera.org,Courcera,01-12-25,16:42
Sara,https://www.google.com,google,02-09-25,11:49
Shahd,https://www.kaggle.com,Kaggle,25-09-25,17:28:49
Leen,https://www.stackoverflow.com,StackOverflow,10-24-2025,18:22:38
Sara,https://www.canva.com,Cnava,04-12-25,12:40
Bayan,https://www.instagram.com,Instagram,24-10-25,15:24
Noor,https://www.youtube.com,Youtube,11-10-25,4:28
Noor,https://www.github.com,GitHub,14-01-26,16:03:56
Sara,https://www.reddit.com,Reddit,24-12-25,
Bayan,https://www.github.com,GitHub,29-12-25,7:42
Sara,https://www.spotify.com,SPOTIFY,28-10-25,7:41
Sara,https://www.instagram.com,Instagram,01-12-25,4:42 PM
Leen,https://www.reddit.com,Reddit,24-09-25,17:18:19
Noor,https://www.instagram.com,Instagram,01-09-26,7:56 AM
Sara,https://www.stackoverflow.com,Stack Overflow,07-10-25,8:41 PM
Bayan,https://www.twitch.tv,TWITCH,17-01-26,5:16 PM
Sara,https://www.facebook.com,facebook,24-10-25,21:05:36
Shahd,https://www.spotify.com,spotify,29-09-25,23:24:16
Noor,https://www.kaggle.com,Kaggle,15-09-25,13:45
Shahd,https://www.instagram.com,Instagram,15-12-25,11:27
Shahd,https://www.tiktok.com,TikTok,24-12-25,9:09
Bayan,https://www.linkedin.com,LinkedIn,28-01-26,6:10 PM
Leen,https://www.chatgpt.com,ChatGPT,06-11-25,8:49 PM
Sara,https://www.instagram.com,Instagram,22-09-25,20:25
Leen,https://www.spotify.com,spotify,03-10-25,5:55 PM
Leen,https://www.netflix.com,,22-09-25,8:17:38
Shahd,https://www.stackoverflow.com,,01-01-26,12:49 PM
Sara,https://www.wikipedia.org,Wikipedia,07-10-25,8:11
Noor,https://www.instagram.com,instagram,22-10-25,2:05 AM
Noor,https://www.netflix.com,Netflix,21-11-25,3:29:06
Bayan,https://www.github.com,GitHub,15-01-26,20:09:44
Noor,https://www.canva.com,Canva,09-26-2025,21:24
Bayan,https://www.reddit.com,Reddt,12-14-2025,13:57:18
Noor,https://www.coursera.org,Coursera,17-01-26,8:01:50
Leen,https://www.facebook.com,facebook,30-01-26,6:54:21
Sara,https://www.netflix.com,Netflix,26-01-26,0:50:09
Sara,https://www.tiktok.com,,17-11-25,6:58:23
Bayan,https://www.amazon.com,Amazon,07-09-25,6:12
Leen,https://www.twitter.com,twitter/x,26-01-26,5:28 PM
Sara,https://www.netflix.com,Netflix,26-01-26,0:50:09
Shahd,https://www.google.com,Google,01-11-25,18:48
Shahd,https://www.netflix.com,Netflix,13-10-25,2:18 PM
Sara,https://www.linkedin.com,LinkedIn,27-09-25,8:10:26
Shahd,https://www.chatgpt.com,ChatGPT,07-09-25,6:55
Bayan,https://www.kaggle.com,Kaggle,15-11-25,10:22 AM
Bayan,https://www.instagram.com,Instagram,12-07-25,5:51:49
Sara,https://www.instagram.com,Instagram,28-11-25,10:23 AM
Bayan,https://www.github.com,github,01-11-26,
Shahd,https://www.twitter.com,Twitter / X,01-27-2026,7:08 PM
Bayan,https://www.twitter.com,,12-31-2025,20:10
Noor,https://www.stackoverflow.com,Stack overflow,24-10-25,1:16
Leen,https://www.tiktok.com,TikTok,09-04-25,8:26 PM
Shahd,https://www.coursera.org,COURSERA,15-12-25,12:09 AM
Shahd,https://www.github.com,GitHub,09-02-25,
Noor,https://www.twitter.com,Twitter / X,21-10-25,11:06 PM
Noor,https://www.wikipedia.org,Wikipedia,25-11-25,9:20
Noor,https://www.twitter.com,X,21-09-25,0:57
Sara,https://www.instagram.com,Instragram,10-30-2025,3:57:49
Sara,https://www.stackoverflow.com,Stack overflow,31-12-25,19:02
Sara,https://www.kaggle.com,KAGGLE,22-11-25,4:30
Sara,https://www.twitter.com,Twitter / X,12-09-25,11:48 PM
Noor,,LinkedIn,12-10-25,2:55
Shahd,https://www.spotify.com,Spotify,10-11-25,21:09
Leen,https://www.canva.com,Canva,10-16-2025,10:31
Shahd,https://www.tiktok.com,tiktok,23-11-25,9:05
Bayan,https://www.twitter.com,Twitter / X,11-07-25,23:38:58
Noor,https://www.google.com,GOOGLE,12-01-26,22:28:00
Noor,https://www.linkedin.com,LinkedIn,23-12-25,4:59
Sara,https://www.wikipedia.org,Wikepedia,05-01-26,10:29 AM
Bayan,https://www.stackoverflow.com,StackOverflow,12-09-25,13:33:03
Noor,https://www.twitch.tv,Twitch,02-01-26,
Bayan,https://www.amazon.com,Amazon,11-01-26,2:37 AM
Sara,https://www.twitch.tv,Twitch,01-13-2026,5:55 PM
Noor,,Facebook,25-01-26,10:36 AM
Noor,https://www.coursera.org,Coursera,12-29-2025,13:08:50
Bayan,https://www.github.com,Git Hub,27-11-25,3:37:44
Sara,https://www.kaggle.com,Kaggle,13-01-26,7:35
Noor,https://www.kaggle.com,Kaggle,20-12-25,22:04:40
Shahd,https://www.twitter.com,twitter/x,10-15-2025,6:21
Leen,https://www.google.com,Gooogle,02-09-25,19:11
Shahd,https://www.twitter.com,,18-10-25,5:56 AM
Sara,https://www.canva.com,Canva,01-01-26,12:53 PM
Leen,https://www.facebook.com,Facebook,30-11-25,
Leen,https://www.twitter.com,Twitter / X,09-09-25,6:58:45
Leen,https://www.amazon.com,Amazone,10-26-2025,18:51:59
Sara,https://www.netflix.com,Netflix,20-11-25,18:22:48
Bayan,https://www.canva.com,Cnava,18-09-25,12:16 PM
Sara,https://www.tiktok.com,Tik Tok,28-11-25,
Leen,https://www.chatgpt.com,ChatGPT,07-01-26,9:20
Sara,https://www.google.com,Google,18-10-25,12:32
Bayan,https://www.twitch.tv,Twitch,01-16-2026,3:24 PM
Noor,https://www.twitter.com,,13-09-25,9:17 AM
Noor,https://www.instagram.com,,01-02-26,3:58:47
Bayan,https://www.coursera.org,Coursera,27-11-25,2:38:03
Sara,https://www.github.com,GitHub,11-02-25,15:25:30
Bayan,https://www.youtube.com,YouTube,09-09-25,3:42 AM
Sara,https://www.amazon.com,AMAZON,30-11-25,2:03 AM
Noor,https://www.canva.com,Canva,23-09-25,19:25
Sara,https://www.spotify.com,spotify,13-12-25,6:59
Bayan,https://www.facebook.com,FaceBook,01-24-2026,12:07 AM
Bayan,https://www.spotify.com,,28-01-26,12:41
Sara,https://www.wikipedia.org,Wikipedia,31-12-25,0:30:58
Bayan,https://www.canva.com,Canva,29-10-25,4:05 PM
Shahd,https://www.tiktok.com,tiktok,08-12-25,12:15
Bayan,https://www.coursera.org,,09-18-2025,5:57 PM
Leen,https://www.github.com,GitHub,24-09-25,15:58
Sara,https://www.wikipedia.org,,09-09-25,10:29
Bayan,https://www.reddit.com,Reddit,12-16-2025,2:31 AM
Leen,https://www.github.com,GitHub,23-12-25,23:19:40
Sara,https://www.chatgpt.com,chatgpt,10-30-2025,10:35
Leen,https://www.stackoverflow.com,Stack Overflow,09-23-2025,5:18 PM
Leen,https://www.w3schools.com,w3school,25-09-25,5:12 PM
Leen,https://www.github.com,GitHub,10-01-25,3:09 PM
Leen,https://www.linkedin.com,LinkedIn,26-09-25,9:24
Sara,https://www.google.com,Google,12-23-2025,9:07 PM
Sara,https://www.google.com,google,24-01-26,5:49 AM
Sara,https://www.youtube.com,YouTube,02-01-26,
Leen,https://www.twitter.com,Twitter / X,01-03-26,0:36
Noor,https://www.github.com,GitHub,26-12-25,4:14
Sara,https://www.wikipedia.org,Wikipedia,02-11-25,2:08:26
Leen,https://www.twitter.com,Twitter / X,10-01-26,11:41 AM
Shahd,https://www.twitch.tv,Twitch,23-10-25,2:24
Sara,https://www.youtube.com,Youtube,10-14-2025,10:50
Sara,https://www.github.com,Git Hub,08-10-25,
Bayan,https://www.wikipedia.org,,01-15-2026,10:48
Shahd,https://www.wikipedia.org,Wikipedia,25-01-26,0:37
Sara,https://www.coursera.org,Coursera,01-05-26,23:25
Sara,https://www.github.com,GitHub,28-11-25,22:37:58
Noor,https://www.coursera.org,Coursera,12-29-2025,13:08:50
Shahd,https://www.facebook.com,Facebook,10-03-25,12:57
Bayan,https://www.amazon.com,Amazon,25-09-25,12:13 PM
Leen,https://www.kaggle.com,kaggle,01-26-2026,11:00 PM
Sara,https://www.netflix.com,NETFLIX,10-11-25,15:53
Shahd,https://www.amazon.com,Amazone,22-10-25,19:24
Leen,https://www.linkedin.com,LINKEDIN,25-01-26,14:25:26
Leen,https://www.kaggle.com,Kaggle,28-11-25,11:10 PM
Sara,https://www.twitter.com,Twitter / X,21-10-25,19:58:03
Leen,https://www.amazon.com,Amazon,28-10-25,6:59 PM
Noor,https://www.twitter.com,Twitter / X,30-01-26,3:42 AM
Leen,https://www.instagram.com,Instagram,09-09-25,12:35 PM
Bayan,https://www.w3schools.com,W3Schools,03-10-25,9:38:58
Sara,https://www.reddit.com,Reddit,11-17-2025,0:26
Leen,https://www.youtube.com,,17-12-25,11:36:34
Noor,https://www.reddit.com,Reddit,14-12-25,10:06 AM
Noor,https://www.twitch.tv,Twitch,13-09-25,6:42 AM
Leen,https://www.w3schools.com,W3Schools,12-11-25,21:36:59
Bayan,https://www.twitter.com,twitter/x,10-09-25,19:50:15
Shahd,https://www.reddit.com,Reddit,14-10-25,23:46:01
Leen,https://www.google.com,,29-12-25,19:07
Bayan,https://www.facebook.com,FaceBook,09-10-25,21:26:59
Sara,https://www.wikipedia.org,Wikepedia,23-01-26,1:32
Noor,https://www.canva.com,Canva,03-10-25,7:18:57
Shahd,https://www.chatgpt.com,ChatGPT,09-19-2025,12:25:43
Leen,https://www.instagram.com,instagram,26-10-25,8:31 AM
Sara,https://www.spotify.com,spotify,07-09-25,4:07 AM
Noor,https://www.kaggle.com,Kaggle,15-09-25,13:45
Shahd,https://www.canva.com,,11-17-2025,2:34 AM
Noor,https://www.instagram.com,Instagram,17-11-25,19:25:55
Shahd,https://www.tiktok.com,TikTok,09-09-25,18:50
Leen,https://www.twitch.tv,Twitch,11-10-25,9:36 PM
Shahd,https://www.twitch.tv,Twitch,02-09-25,6:52
Shahd,https://www.canva.com,CANVA,01-11-25,
Sara,https://www.w3schools.com,W3Schools,02-09-25,10:09 AM
Sara,https://www.amazon.com,,02-10-25,14:02
Shahd,https://www.w3schools.com,W3Schools,09-08-25,3:01
Bayan,https://www.github.com,GitHub,21-10-25,4:18 PM
Bayan,https://www.wikipedia.org,,29-10-25,7:30 AM
Noor,https://www.amazon.com,AMAZON,09-26-2025,9:10 AM
Noor,https://www.google.com,Google,07-01-26,4:44:39
Noor,,w3school,01-24-2026,19:20:39
Bayan,https://www.instagram.com,Instagram,13-12-25,0:20
Noor,https://www.spotify.com,Spotify,25-10-25,4:45:26
Bayan,https://www.google.com,GOOGLE,28-11-25,15:12
Leen,https://www.spotify.com,Spotify,15-11-25,7:16 AM
Sara,https://www.facebook.com,FACEBOOK,10-19-2025,1:05 PM
Bayan,https://www.kaggle.com,Kaggle,01-12-25,9:12 PM
Leen,https://www.netflix.com,Netflix,19-01-26,2:57 PM
Bayan,https://www.twitch.tv,twitch,11-08-25,9:56 AM
Shahd,https://www.twitter.com,twitter,21-10-25,1:31
Noor,https://www.facebook.com,Facebook,07-12-25,8:19 PM
Noor,https://www.stackoverflow.com,Stack Overflow,07-11-25,13:28
Noor,https://www.github.com,GITHUB,14-10-25,2:04 AM
Leen,https://www.tiktok.com,Tik Tok,01-16-2026,18:41
Sara,https://www.tiktok.com,,15-11-25,8:38:41
Shahd,https://www.coursera.org,COURSERA,15-12-25,12:09 AM
Sara,https://www.linkedin.com,Linked In,12-02-25,14:53
Bayan,https://www.coursera.org,COURSERA,09-11-25,16:06:30
Leen,https://www.twitch.tv,Twitch,17-10-25,17:50
Leen,https://www.tiktok.com,TikTok,09-12-25,13:53:53
Bayan,https://www.chatgpt.com,ChatGPT,21-12-25,21:20
Shahd,https://www.youtube.com,YouTube,02-09-25,13:34
Leen,https://www.github.com,GITHUB,27-12-25,
Sara,https://www.instagram.com,Instagram,01-04-26,10:41:37
Noor,https://www.linkedin.com,LinkedIn,04-11-25,12:14
Leen,https://www.canva.com,canva,17-12-25,2:51
Shahd,https://www.reddit.com,Reddit,11-19-2025,1:33:05
Leen,https://www.kaggle.com,,10-10-25,3:51:54
Noor,https://www.facebook.com,Facebook,11-22-2025,17:38
Bayan,https://www.tiktok.com,TikTok,11-16-2025,22:37
Bayan,https://www.coursera.org,COURSERA,10-23-2025,3:28 AM
Sara,https://www.chatgpt.com,ChatGPT,16-12-25,11:31 AM
Sara,https://www.linkedin.com,LinkedIn,28-11-25,10:03 AM
Shahd,https://www.wikipedia.org,Wikipedia,18-09-25,16:43:43
Leen,https://www.kaggle.com,,14-12-25,8:29 PM
Noor,https://www.twitch.tv,Twitch,13-09-25,6:42 AM
Bayan,https://www.google.com,google,01-12-25,14:34:56
Noor,https://www.facebook.com,FACEBOOK,10-12-25,5:14 PM
Shahd,https://www.canva.com,Canva,11-03-25,6:12 PM
Bayan,https://www.tiktok.com,TikTok,09-20-2025,7:01 AM
Bayan,https://www.amazon.com,Amazon,11-01-26,2:37 AM
Bayan,https://www.instagram.com,Instagram,07-09-25,2:23 AM
Sara,https://www.linkedin.com,Linked In,05-11-25,7:43
Shahd,https://www.facebook.com,Facebook,18-10-25,10:02:33
Noor,https://www.instagram.com,Instragram,23-10-25,12:50 AM
Shahd,https://www.twitch.tv,Twitch,27-12-25,16:54
Shahd,https://www.youtube.com,YOU TUBE,19-01-26,6:49
